2019-10-14 22:49:06,902 WARN  [main] util.NativeCodeLoader (NativeCodeLoader.java:<clinit>(60)) - Unable to load native-hadoop library for your platform... using builtin-java classes where applicable
1988,1,8,5,1532,1525,1555,1545,PI,930,,23.00,20.00,,10.00,7.00,BGM,ITH,32.00,,,0.00,,0.00,,,,,
1988,1,9,6,1522,1525,1535,1545,PI,930,,13.00,20.00,,-10.00,-3.00,BGM,ITH,32.00,,,0.00,,0.00,,,,,
1988,1,10,7,1522,1525,1534,1545,PI,930,,12.00,20.00,,-11.00,-3.00,BGM,ITH,32.00,,,0.00,,0.00,,,,,
1988,1,11,1,,1525,,1545,PI,930,,,20.00,,,,BGM,ITH,32.00,,,1.00,,0.00,,,,,
1988,1,12,2,1524,1525,1540,1545,PI,930,,16.00,20.00,,-5.00,-1.00,BGM,ITH,32.00,,,0.00,,0.00,,,,,
1988,1,13,3,1528,1525,1541,1545,PI,930,,13.00,20.00,,-4.00,3.00,BGM,ITH,32.00,,,0.00,,0.00,,,,,
1988,1,14,4,,1525,,1545,PI,930,,,20.00,,,,BGM,ITH,32.00,,,1.00,,0.00,,,,,
1988,1,15,5,1521,1525,1536,1545,PI,930,,15.00,20.00,,-9.00,-4.00,BGM,ITH,32.00,,,0.00,,0.00,,,,,
1988,1,16,6,1526,1525,1544,1545,PI,930,,18.00,20.00,,-1.00,1.00,BGM,ITH,32.00,,,0.00,,0.00,,,,,
1988,1,17,7,1522,1525,1540,1545,PI,930,,18.00,20.00,,-5.00,-3.00,BGM,ITH,32.00,,,0.00,,0.00,,,,,
1988,1,18,1,,1525,,1545,PI,930,,,20.00,,,,BGM,ITH,32.00,,,1.00,,0.00,,,,,
1988,1,19,2,1524,1525,1542,1545,PI,930,,18.00,20.00,,-3.00,-1.00,BGM,ITH,32.00,,,0.00,,0.00,,,,,
1988,1,20,3,1528,1525,1549,1545,PI,930,,21.00,20.00,,4.00,3.00,BGM,ITH,32.00,,,0.00,,0.00,,,,,
1988,1,21,4,1527,1525,1541,1545,PI,930,,14.00,20.00,,-4.00,2.00,BGM,ITH,32.00,,,0.00,,0.00,,,,,
1988,1,22,5,1522,1525,1539,1545,PI,930,,17.00,20.00,,-6.00,-3.00,BGM,ITH,32.00,,,0.00,,0.00,,,,,
1988,1,23,6,1526,1525,1545,1545,PI,930,,19.00,20.00,,0.00,1.00,BGM,ITH,32.00,,,0.00,,0.00,,,,,
1988,1,24,7,1523,1525,1544,1545,PI,930,,21.00,20.00,,-1.00,-2.00,BGM,ITH,32.00,,,0.00,,0.00,,,,,
1988,1,25,1,1528,1525,1540,1545,PI,930,,12.00,20.00,,-5.00,3.00,BGM,ITH,32.00,,,0.00,,0.00,,,,,
1988,1,26,2,1530,1525,1543,1545,PI,930,,13.00,20.00,,-2.00,5.00,BGM,ITH,32.00,,,0.00,,0.00,,,,,
1988,1,27,3,1525,1525,1538,1545,PI,930,,13.00,20.00,,-7.00,0.00,BGM,ITH,32.00,,,0.00,,0.00,,,,,
1988,1,28,4,1528,1525,1542,1545,PI,930,,14.00,20.00,,-3.00,3.00,BGM,ITH,32.00,,,0.00,,0.00,,,,,
1988,1,29,5,1526,1525,1543,1545,PI,930,,17.00,20.00,,-2.00,1.00,BGM,ITH,32.00,,,0.00,,0.00,,,,,
1988,1,30,6,1524,1525,1544,1545,PI,930,,20.00,20.00,,-1.00,-1.00,BGM,ITH,32.00,,,0.00,,0.00,,,,,
1988,1,31,7,1524,1525,1540,1545,PI,930,,16.00,20.00,,-5.00,-1.00,BGM,ITH,32.00,,,0.00,,0.00,,,,,
1988,1,1,5,1604,1605,1634,1630,PI,930,,30.00,25.00,,4.00,-1.00,ITH,SYR,46.00,,,0.00,,0.00,,,,,
1988,1,2,6,1605,1605,1623,1630,PI,930,,18.00,25.00,,-7.00,0.00,ITH,SYR,46.00,,,0.00,,0.00,,,,,
1988,1,3,7,1604,1605,1623,1630,PI,930,,19.00,25.00,,-7.00,-1.00,ITH,SYR,46.00,,,0.00,,0.00,,,,,
1988,1,4,1,1601,1605,1639,1630,PI,930,,38.00,25.00,,9.00,-4.00,ITH,SYR,46.00,,,0.00,,0.00,,,,,
1988,1,5,2,1602,1605,1626,1630,PI,930,,24.00,25.00,,-4.00,-3.00,ITH,SYR,46.00,,,0.00,,0.00,,,,,
1988,1,6,3,1605,1605,1631,1630,PI,930,,26.00,25.00,,1.00,0.00,ITH,SYR,46.00,,,0.00,,0.00,,,,,
1988,1,7,4,1608,1605,1626,1630,PI,930,,18.00,25.00,,-4.00,3.00,ITH,SYR,46.00,,,0.00,,0.00,,,,,
1988,1,8,5,1607,1605,1633,1630,PI,930,,26.00,25.00,,3.00,2.00,ITH,SYR,46.00,,,0.00,,0.00,,,,,
1988,1,9,6,1603,1605,1626,1630,PI,930,,23.00,25.00,,-4.00,-2.00,ITH,SYR,46.00,,,0.00,,0.00,,,,,
1988,1,10,7,1605,1605,1624,1630,PI,930,,19.00,25.00,,-6.00,0.00,ITH,SYR,46.00,,,0.00,,0.00,,,,,
1988,1,11,1,1602,1605,1621,1630,PI,930,,19.00,25.00,,-9.00,-3.00,ITH,SYR,46.00,,,0.00,,0.00,,,,,
1988,1,12,2,1603,1605,1621,1630,PI,930,,18.00,25.00,,-9.00,-2.00,ITH,SYR,46.00,,,0.00,,0.00,,,,,
1988,1,13,3,1606,1605,1630,1630,PI,930,,24.00,25.00,,0.00,1.00,ITH,SYR,46.00,,,0.00,,0.00,,,,,
1988,1,14,4,,1605,,1630,PI,930,,,25.00,,,,ITH,SYR,46.00,,,1.00,,0.00,,,,,
1988,1,15,5,1604,1605,1625,1630,PI,930,,21.00,25.00,,-5.00,-1.00,ITH,SYR,46.00,,,0.00,,0.00,,,,,
1988,1,16,6,1605,1605,1630,1630,PI,930,,25.00,25.00,,0.00,0.00,ITH,SYR,46.00,,,0.00,,0.00,,,,,
1988,1,17,7,1608,1605,1627,1630,PI,930,,19.00,25.00,,-3.00,3.00,ITH,SYR,46.00,,,0.00,,0.00,,,,,
1988,1,18,1,1604,1605,1627,1630,PI,930,,23.00,25.00,,-3.00,-1.00,ITH,SYR,46.00,,,0.00,,0.00,,,,,
1988,1,19,2,1606,1605,1634,1630,PI,930,,28.00,25.00,,4.00,1.00,ITH,SYR,46.00,,,0.00,,0.00,,,,,
1988,1,20,3,1606,1605,1630,1630,PI,930,,24.00,25.00,,0.00,1.00,ITH,SYR,46.00,,,0.00,,0.00,,,,,
1988,1,21,4,1603,1605,1624,1630,PI,930,,21.00,25.00,,-6.00,-2.00,ITH,SYR,46.00,,,0.00,,0.00,,,,,
1988,1,22,5,1603,1605,1627,1630,PI,930,,24.00,25.00,,-3.00,-2.00,ITH,SYR,46.00,,,0.00,,0.00,,,,,
1988,1,23,6,1607,1605,1629,1630,PI,930,,22.00,25.00,,-1.00,2.00,ITH,SYR,46.00,,,0.00,,0.00,,,,,
1988,1,24,7,1606,1605,1630,1630,PI,930,,24.00,25.00,,0.00,1.00,ITH,SYR,46.00,,,0.00,,0.00,,,,,
1988,1,25,1,1606,1605,1623,1630,PI,930,,17.00,25.00,,-7.00,1.00,ITH,SYR,46.00,,,0.00,,0.00,,,,,
1988,1,26,2,1604,1605,1636,1630,PI,930,,32.00,25.00,,6.00,-1.00,ITH,SYR,46.00,,,0.00,,0.00,,,,,
1988,1,27,3,1601,1605,1623,1630,PI,930,,22.00,25.00,,-7.00,-4.00,ITH,SYR,46.00,,,0.00,,0.00,,,,,
1988,1,28,4,1603,1605,1627,1630,PI,930,,24.00,25.00,,-3.00,-2.00,ITH,SYR,46.00,,,0.00,,0.00,,,,,
1988,1,29,5,1607,1605,1628,1630,PI,930,,21.00,25.00,,-2.00,2.00,ITH,SYR,46.00,,,0.00,,0.00,,,,,
1988,1,30,6,1605,1605,1631,1630,PI,930,,26.00,25.00,,1.00,0.00,ITH,SYR,46.00,,,0.00,,0.00,,,,,
1988,1,31,7,1607,1605,1625,1630,PI,930,,18.00,25.00,,-5.00,2.00,ITH,SYR,46.00,,,0.00,,0.00,,,,,
1988,1,1,5,1704,1700,1814,1800,PI,930,,70.00,60.00,,14.00,4.00,SYR,JFK,209.00,,,0.00,,0.00,,,,,
1988,1,2,6,1728,1700,1834,1800,PI,930,,66.00,60.00,,34.00,28.00,SYR,JFK,209.00,,,0.00,,0.00,,,,,
1988,1,3,7,1722,1700,1822,1800,PI,930,,60.00,60.00,,22.00,22.00,SYR,JFK,209.00,,,0.00,,0.00,,,,,
1988,1,4,1,1723,1700,1832,1800,PI,930,,69.00,60.00,,32.00,23.00,SYR,JFK,209.00,,,0.00,,0.00,,,,,
1988,1,5,2,1705,1700,1825,1800,PI,930,,80.00,60.00,,25.00,5.00,SYR,JFK,209.00,,,0.00,,0.00,,,,,
1988,1,6,3,1714,1700,1815,1800,PI,930,,61.00,60.00,,15.00,14.00,SYR,JFK,209.00,,,0.00,,0.00,,,,,
1988,1,7,4,1706,1700,1817,1800,PI,930,,71.00,60.00,,17.00,6.00,SYR,JFK,209.00,,,0.00,,0.00,,,,,
1988,1,8,5,1815,1700,1945,1800,PI,930,,90.00,60.00,,105.00,75.00,SYR,JFK,209.00,,,0.00,,0.00,,,,,
1988,1,9,6,1746,1700,1848,1800,PI,930,,62.00,60.00,,48.00,46.00,SYR,JFK,209.00,,,0.00,,0.00,,,,,
1988,1,10,7,1710,1700,1815,1800,PI,930,,65.00,60.00,,15.00,10.00,SYR,JFK,209.00,,,0.00,,0.00,,,,,
1988,1,11,1,1707,1700,1819,1800,PI,930,,72.00,60.00,,19.00,7.00,SYR,JFK,209.00,,,0.00,,0.00,,,,,
1988,1,12,2,1703,1700,1759,1800,PI,930,,56.00,60.00,,-1.00,3.00,SYR,JFK,209.00,,,0.00,,0.00,,,,,
1988,1,13,3,1710,1700,1814,1800,PI,930,,64.00,60.00,,14.00,10.00,SYR,JFK,209.00,,,0.00,,0.00,,,,,
1988,1,14,4,,1700,,1800,PI,930,,,60.00,,,,SYR,JFK,209.00,,,1.00,,0.00,,,,,
1988,1,15,5,1704,1700,1842,1800,PI,930,,98.00,60.00,,42.00,4.00,SYR,JFK,209.00,,,0.00,,0.00,,,,,
1988,1,16,6,1659,1700,1812,1800,PI,930,,73.00,60.00,,12.00,-1.00,SYR,JFK,209.00,,,0.00,,0.00,,,,,
1988,1,18,1,1716,1700,1820,1800,PI,930,,64.00,60.00,,20.00,16.00,SYR,JFK,209.00,,,0.00,,0.00,,,,,
1988,1,19,2,1705,1700,1810,1800,PI,930,,65.00,60.00,,10.00,5.00,SYR,JFK,209.00,,,0.00,,0.00,,,,,
1988,1,20,3,1721,1700,1906,1800,PI,930,,105.00,60.00,,66.00,21.00,SYR,JFK,209.00,,,0.00,,0.00,,,,,
1988,1,21,4,1708,1700,1810,1800,PI,930,,62.00,60.00,,10.00,8.00,SYR,JFK,209.00,,,0.00,,0.00,,,,,
1988,1,22,5,1702,1700,1805,1800,PI,930,,63.00,60.00,,5.00,2.00,SYR,JFK,209.00,,,0.00,,0.00,,,,,
1988,1,23,6,1701,1700,1751,1800,PI,930,,50.00,60.00,,-9.00,1.00,SYR,JFK,209.00,,,0.00,,0.00,,,,,
1988,1,24,7,1711,1700,1812,1800,PI,930,,61.00,60.00,,12.00,11.00,SYR,JFK,209.00,,,0.00,,0.00,,,,,
1988,1,25,1,1804,1700,1922,1800,PI,930,,78.00,60.00,,82.00,64.00,SYR,JFK,209.00,,,0.00,,0.00,,,,,
1988,1,26,2,1740,1700,1835,1800,PI,930,,55.00,60.00,,35.00,40.00,SYR,JFK,209.00,,,0.00,,0.00,,,,,
1988,1,27,3,1713,1700,1808,1800,PI,930,,55.00,60.00,,8.00,13.00,SYR,JFK,209.00,,,0.00,,0.00,,,,,
1988,1,28,4,1706,1700,1808,1800,PI,930,,62.00,60.00,,8.00,6.00,SYR,JFK,209.00,,,0.00,,0.00,,,,,
1988,1,29,5,1705,1700,1810,1800,PI,930,,65.00,60.00,,10.00,5.00,SYR,JFK,209.00,,,0.00,,0.00,,,,,
1988,1,30,6,1703,1700,1801,1800,PI,930,,58.00,60.00,,1.00,3.00,SYR,JFK,209.00,,,0.00,,0.00,,,,,
1988,1,31,7,1703,1700,1808,1800,PI,930,,65.00,60.00,,8.00,3.00,SYR,JFK,209.00,,,0.00,,0.00,,,,,
1988,1,1,5,1430,1420,1515,1457,PI,932,,45.00,37.00,,18.00,10.00,CLT,TRI,120.00,,,0.00,,0.00,,,,,
1988,1,2,6,1428,1420,1505,1457,PI,932,,37.00,37.00,,8.00,8.00,CLT,TRI,120.00,,,0.00,,0.00,,,,,
1988,1,3,7,1452,1420,1534,1457,PI,932,,42.00,37.00,,37.00,32.00,CLT,TRI,120.00,,,0.00,,0.00,,,,,
1988,1,4,1,1438,1420,1520,1457,PI,932,,42.00,37.00,,23.00,18.00,CLT,TRI,120.00,,,0.00,,0.00,,,,,
1988,1,5,2,1426,1420,1504,1457,PI,932,,38.00,37.00,,7.00,6.00,CLT,TRI,120.00,,,0.00,,0.00,,,,,
1988,1,6,3,1433,1420,1513,1457,PI,932,,40.00,37.00,,16.00,13.00,CLT,TRI,120.00,,,0.00,,0.00,,,,,
1988,1,7,4,,1420,,1457,PI,932,,,37.00,,,,CLT,TRI,120.00,,,1.00,,0.00,,,,,
1988,1,8,5,,1420,,1457,PI,932,,,37.00,,,,CLT,TRI,120.00,,,1.00,,0.00,,,,,
1988,1,9,6,1529,1420,1613,1457,PI,932,,44.00,37.00,,76.00,69.00,CLT,TRI,120.00,,,0.00,,0.00,,,,,
1988,1,10,7,1429,1420,1512,1457,PI,932,,43.00,37.00,,15.00,9.00,CLT,TRI,120.00,,,0.00,,0.00,,,,,
1988,1,11,1,1429,1420,1509,1457,PI,932,,40.00,37.00,,12.00,9.00,CLT,TRI,120.00,,,0.00,,0.00,,,,,
1988,1,12,2,1426,1420,1507,1457,PI,932,,41.00,37.00,,10.00,6.00,CLT,TRI,120.00,,,0.00,,0.00,,,,,
1988,1,13,3,1422,1420,1458,1457,PI,932,,36.00,37.00,,1.00,2.00,CLT,TRI,120.00,,,0.00,,0.00,,,,,
1988,1,14,4,1424,1420,1504,1457,PI,932,,40.00,37.00,,7.00,4.00,CLT,TRI,120.00,,,0.00,,0.00,,,,,
1988,1,15,5,1423,1420,1504,1457,PI,932,,41.00,37.00,,7.00,3.00,CLT,TRI,120.00,,,0.00,,0.00,,,,,
1988,1,16,6,1422,1420,1501,1457,PI,932,,39.00,37.00,,4.00,2.00,CLT,TRI,120.00,,,0.00,,0.00,,,,,
1988,1,17,7,1420,1420,1501,1457,PI,932,,41.00,37.00,,4.00,0.00,CLT,TRI,120.00,,,0.00,,0.00,,,,,
1988,1,18,1,,1420,,1457,PI,932,,,37.00,,,,CLT,TRI,120.00,,,1.00,,0.00,,,,,
1988,1,19,2,1457,1420,1534,1457,PI,932,,37.00,37.00,,37.00,37.00,CLT,TRI,120.00,,,0.00,,0.00,,,,,
1988,1,20,3,1445,1420,1526,1457,PI,932,,41.00,37.00,,29.00,25.00,CLT,TRI,120.00,,,0.00,,0.00,,,,,
1988,1,21,4,1430,1420,1508,1457,PI,932,,38.00,37.00,,11.00,10.00,CLT,TRI,120.00,,,0.00,,0.00,,,,,
1988,1,22,5,1417,1420,1454,1457,PI,932,,37.00,37.00,,-3.00,-3.00,CLT,TRI,120.00,,,0.00,,0.00,,,,,
1988,1,23,6,1430,1420,1517,1457,PI,932,,47.00,37.00,,20.00,10.00,CLT,TRI,120.00,,,0.00,,0.00,,,,,
1988,1,24,7,1419,1420,1503,1457,PI,932,,44.00,37.00,,6.00,-1.00,CLT,TRI,120.00,,,0.00,,0.00,,,,,
1988,1,25,1,1419,1420,1504,1457,PI,932,,45.00,37.00,,7.00,-1.00,CLT,TRI,120.00,,,0.00,,0.00,,,,,
1988,1,26,2,1419,1420,1501,1457,PI,932,,42.00,37.00,,4.00,-1.00,CLT,TRI,120.00,,,0.00,,0.00,,,,,
1988,1,27,3,1424,1420,1506,1457,PI,932,,42.00,37.00,,9.00,4.00,CLT,TRI,120.00,,,0.00,,0.00,,,,,
1988,1,28,4,1420,1420,1457,1457,PI,932,,37.00,37.00,,0.00,0.00,CLT,TRI,120.00,,,0.00,,0.00,,,,,
1988,1,29,5,1417,1420,1456,1457,PI,932,,39.00,37.00,,-1.00,-3.00,CLT,TRI,120.00,,,0.00,,0.00,,,,,
1988,1,30,6,1418,1420,1511,1457,PI,932,,53.00,37.00,,14.00,-2.00,CLT,TRI,120.00,,,0.00,,0.00,,,,,
1988,1,31,7,1419,1420,1505,1457,PI,932,,46.00,37.00,,8.00,-1.00,CLT,TRI,120.00,,,0.00,,0.00,,,,,
1988,1,1,5,2157,2200,2306,2300,PI,933,,69.00,60.00,,6.00,-3.00,JFK,SYR,209.00,,,0.00,,0.00,,,,,
1988,1,2,6,2200,2200,2307,2300,PI,933,,67.00,60.00,,7.00,0.00,JFK,SYR,209.00,,,0.00,,0.00,,,,,
1988,1,3,7,2210,2200,2346,2300,PI,933,,96.00,60.00,,46.00,10.00,JFK,SYR,209.00,,,0.00,,0.00,,,,,
1988,1,4,1,2334,2200,0035,2300,PI,933,,61.00,60.00,,95.00,94.00,JFK,SYR,209.00,,,0.00,,0.00,,,,,
1988,1,5,2,2159,2200,2304,2300,PI,933,,65.00,60.00,,4.00,-1.00,JFK,SYR,209.00,,,0.00,,0.00,,,,,
1988,1,6,3,2201,2200,2302,2300,PI,933,,61.00,60.00,,2.00,1.00,JFK,SYR,209.00,,,0.00,,0.00,,,,,
1988,1,7,4,2211,2200,2306,2300,PI,933,,55.00,60.00,,6.00,11.00,JFK,SYR,209.00,,,0.00,,0.00,,,,,
1988,1,8,5,,2200,,2300,PI,933,,,60.00,,,,JFK,SYR,209.00,,,1.00,,0.00,,,,,
1988,1,9,6,2202,2200,2313,2300,PI,933,,71.00,60.00,,13.00,2.00,JFK,SYR,209.00,,,0.00,,0.00,,,,,
1988,1,10,7,2200,2200,2305,2300,PI,933,,65.00,60.00,,5.00,0.00,JFK,SYR,209.00,,,0.00,,0.00,,,,,
1988,1,11,1,2158,2200,2253,2300,PI,933,,55.00,60.00,,-7.00,-2.00,JFK,SYR,209.00,,,0.00,,0.00,,,,,
1988,1,12,2,2154,2200,2254,2300,PI,933,,60.00,60.00,,-6.00,-6.00,JFK,SYR,209.00,,,0.00,,0.00,,,,,
1988,1,13,3,2200,2200,2257,2300,PI,933,,57.00,60.00,,-3.00,0.00,JFK,SYR,209.00,,,0.00,,0.00,,,,,
1988,1,14,4,2201,2200,2300,2300,PI,933,,59.00,60.00,,0.00,1.00,JFK,SYR,209.00,,,0.00,,0.00,,,,,
1988,1,15,5,2158,2200,2256,2300,PI,933,,58.00,60.00,,-4.00,-2.00,JFK,SYR,209.00,,,0.00,,0.00,,,,,
1988,1,16,6,2201,2200,2257,2300,PI,933,,56.00,60.00,,-3.00,1.00,JFK,SYR,209.00,,,0.00,,0.00,,,,,
1988,1,17,7,2157,2200,2256,2300,PI,933,,59.00,60.00,,-4.00,-3.00,JFK,SYR,209.00,,,0.00,,0.00,,,,,
1988,1,18,1,2200,2200,2301,2300,PI,933,,61.00,60.00,,1.00,0.00,JFK,SYR,209.00,,,0.00,,0.00,,,,,
1988,1,19,2,2206,2200,2300,2300,PI,933,,54.00,60.00,,0.00,6.00,JFK,SYR,209.00,,,0.00,,0.00,,,,,
1988,1,20,3,2233,2200,2338,2300,PI,933,,65.00,60.00,,38.00,33.00,JFK,SYR,209.00,,,0.00,,0.00,,,,,
1988,1,21,4,2157,2200,2259,2300,PI,933,,62.00,60.00,,-1.00,-3.00,JFK,SYR,209.00,,,0.00,,0.00,,,,,
1988,1,22,5,2157,2200,2255,2300,PI,933,,58.00,60.00,,-5.00,-3.00,JFK,SYR,209.00,,,0.00,,0.00,,,,,
1988,1,23,6,2201,2200,2256,2300,PI,933,,55.00,60.00,,-4.00,1.00,JFK,SYR,209.00,,,0.00,,0.00,,,,,
1988,1,24,7,2200,2200,2259,2300,PI,933,,59.00,60.00,,-1.00,0.00,JFK,SYR,209.00,,,0.00,,0.00,,,,,
1988,1,25,1,2203,2200,2308,2300,PI,933,,65.00,60.00,,8.00,3.00,JFK,SYR,209.00,,,0.00,,0.00,,,,,
1988,1,26,2,2158,2200,2302,2300,PI,933,,64.00,60.00,,2.00,-2.00,JFK,SYR,209.00,,,0.00,,0.00,,,,,
1988,1,27,3,2200,2200,2254,2300,PI,933,,54.00,60.00,,-6.00,0.00,JFK,SYR,209.00,,,0.00,,0.00,,,,,
1988,1,28,4,2158,2200,2305,2300,PI,933,,67.00,60.00,,5.00,-2.00,JFK,SYR,209.00,,,0.00,,0.00,,,,,
1988,1,29,5,2159,2200,2256,2300,PI,933,,57.00,60.00,,-4.00,-1.00,JFK,SYR,209.00,,,0.00,,0.00,,,,,
1988,1,30,6,2200,2200,2302,2300,PI,933,,62.00,60.00,,2.00,0.00,JFK,SYR,209.00,,,0.00,,0.00,,,,,
1988,1,31,7,2202,2200,2256,2300,PI,933,,54.00,60.00,,-4.00,2.00,JFK,SYR,209.00,,,0.00,,0.00,,,,,
1988,1,1,5,2322,2315,2359,2350,PI,933,,37.00,35.00,,9.00,7.00,SYR,BUF,134.00,,,0.00,,0.00,,,,,
1988,1,2,6,2321,2315,2358,2350,PI,933,,37.00,35.00,,8.00,6.00,SYR,BUF,134.00,,,0.00,,0.00,,,,,
1988,1,3,7,2355,2315,0033,2350,PI,933,,38.00,35.00,,43.00,40.00,SYR,BUF,134.00,,,0.00,,0.00,,,,,
1988,1,4,1,0050,2315,0130,2350,PI,933,,40.00,35.00,,100.00,95.00,SYR,BUF,134.00,,,0.00,,0.00,,,,,
1988,1,5,2,2313,2315,2348,2350,PI,933,,35.00,35.00,,-2.00,-2.00,SYR,BUF,134.00,,,0.00,,0.00,,,,,
1988,1,6,3,2315,2315,2350,2350,PI,933,,35.00,35.00,,0.00,0.00,SYR,BUF,134.00,,,0.00,,0.00,,,,,
1988,1,7,4,2320,2315,2357,2350,PI,933,,37.00,35.00,,7.00,5.00,SYR,BUF,134.00,,,0.00,,0.00,,,,,
1988,1,8,5,,2315,,2350,PI,933,,,35.00,,,,SYR,BUF,134.00,,,1.00,,0.00,,,,,
1988,1,9,6,2330,2315,0008,2350,PI,933,,38.00,35.00,,18.00,15.00,SYR,BUF,134.00,,,0.00,,0.00,,,,,
1988,1,10,7,2317,2315,2356,2350,PI,933,,39.00,35.00,,6.00,2.00,SYR,BUF,134.00,,,0.00,,0.00,,,,,
1988,1,11,1,2314,2315,2347,2350,PI,933,,33.00,35.00,,-3.00,-1.00,SYR,BUF,134.00,,,0.00,,0.00,,,,,
1988,1,12,2,2306,2315,2339,2350,PI,933,,33.00,35.00,,-11.00,-9.00,SYR,BUF,134.00,,,0.00,,0.00,,,,,
1988,1,13,3,2313,2315,2350,2350,PI,933,,37.00,35.00,,0.00,-2.00,SYR,BUF,134.00,,,0.00,,0.00,,,,,
1988,1,14,4,2310,2315,2342,2350,PI,933,,32.00,35.00,,-8.00,-5.00,SYR,BUF,134.00,,,0.00,,0.00,,,,,
1988,1,15,5,2312,2315,2348,2350,PI,933,,36.00,35.00,,-2.00,-3.00,SYR,BUF,134.00,,,0.00,,0.00,,,,,
1988,1,16,6,2313,2315,2346,2350,PI,933,,33.00,35.00,,-4.00,-2.00,SYR,BUF,134.00,,,0.00,,0.00,,,,,
1988,1,17,7,2320,2315,2351,2350,PI,933,,31.00,35.00,,1.00,5.00,SYR,BUF,134.00,,,0.00,,0.00,,,,,
1988,1,18,1,2326,2315,0012,2350,PI,933,,46.00,35.00,,22.00,11.00,SYR,BUF,134.00,,,0.00,,0.00,,,,,
1988,1,19,2,2312,2315,2345,2350,PI,933,,33.00,35.00,,-5.00,-3.00,SYR,BUF,134.00,,,0.00,,0.00,,,,,
1988,1,20,3,2348,2315,0023,2350,PI,933,,35.00,35.00,,33.00,33.00,SYR,BUF,134.00,,,0.00,,0.00,,,,,
1988,1,21,4,2309,2315,2347,2350,PI,933,,38.00,35.00,,-3.00,-6.00,SYR,BUF,134.00,,,0.00,,0.00,,,,,
1988,1,22,5,2310,2315,2346,2350,PI,933,,36.00,35.00,,-4.00,-5.00,SYR,BUF,134.00,,,0.00,,0.00,,,,,
1988,1,23,6,2311,2315,2348,2350,PI,933,,37.00,35.00,,-2.00,-4.00,SYR,BUF,134.00,,,0.00,,0.00,,,,,
1988,1,24,7,2316,2315,2349,2350,PI,933,,33.00,35.00,,-1.00,1.00,SYR,BUF,134.00,,,0.00,,0.00,,,,,
1988,1,25,1,2321,2315,0046,2350,PI,933,,85.00,35.00,,56.00,6.00,SYR,BUF,134.00,,,0.00,,0.00,,,,,
1988,1,26,2,2315,2315,2356,2350,PI,933,,41.00,35.00,,6.00,0.00,SYR,BUF,134.00,,,0.00,,0.00,,,,,
1988,1,27,3,2312,2315,2351,2350,PI,933,,39.00,35.00,,1.00,-3.00,SYR,BUF,134.00,,,0.00,,0.00,,,,,
1988,1,28,4,2315,2315,2350,2350,PI,933,,35.00,35.00,,0.00,0.00,SYR,BUF,134.00,,,0.00,,0.00,,,,,
1988,1,29,5,2314,2315,2352,2350,PI,933,,38.00,35.00,,2.00,-1.00,SYR,BUF,134.00,,,0.00,,0.00,,,,,
1988,1,30,6,2311,2315,2348,2350,PI,933,,37.00,35.00,,-2.00,-4.00,SYR,BUF,134.00,,,0.00,,0.00,,,,,
1988,1,31,7,2314,2315,2353,2350,PI,933,,39.00,35.00,,3.00,-1.00,SYR,BUF,134.00,,,0.00,,0.00,,,,,
1988,1,1,5,0922,0925,1059,1040,PI,934,,97.00,75.00,,19.00,-3.00,DCA,LEX,414.00,,,0.00,,0.00,,,,,
1988,1,3,7,0929,0925,1056,1040,PI,934,,87.00,75.00,,16.00,4.00,DCA,LEX,414.00,,,0.00,,0.00,,,,,
1988,1,4,1,0930,0925,1107,1040,PI,934,,97.00,75.00,,27.00,5.00,DCA,LEX,414.00,,,0.00,,0.00,,,,,
1988,1,5,2,0930,0925,1109,1040,PI,934,,99.00,75.00,,29.00,5.00,DCA,LEX,414.00,,,0.00,,0.00,,,,,
1988,1,6,3,1030,0925,1204,1040,PI,934,,94.00,75.00,,84.00,65.00,DCA,LEX,414.00,,,0.00,,0.00,,,,,
1988,1,7,4,0924,0925,1052,1040,PI,934,,88.00,75.00,,12.00,-1.00,DCA,LEX,414.00,,,0.00,,0.00,,,,,
1988,1,8,5,,0925,,1040,PI,934,,,75.00,,,,DCA,LEX,414.00,,,1.00,,0.00,,,,,
1988,1,9,6,1008,0925,1139,1040,PI,934,,91.00,75.00,,59.00,43.00,DCA,LEX,414.00,,,0.00,,0.00,,,,,
1988,1,11,1,1014,0925,1136,1040,PI,934,,82.00,75.00,,56.00,49.00,DCA,LEX,414.00,,,0.00,,0.00,,,,,
1988,1,12,2,0924,0925,1052,1040,PI,934,,88.00,75.00,,12.00,-1.00,DCA,LEX,414.00,,,0.00,,0.00,,,,,
1988,1,13,3,0925,0925,1102,1040,PI,934,,97.00,75.00,,22.00,0.00,DCA,LEX,414.00,,,0.00,,0.00,,,,,
1988,1,14,4,0924,0925,1100,1040,PI,934,,96.00,75.00,,20.00,-1.00,DCA,LEX,414.00,,,0.00,,0.00,,,,,
1988,1,15,5,0944,0925,1103,1040,PI,934,,79.00,75.00,,23.00,19.00,DCA,LEX,414.00,,,0.00,,0.00,,,,,
1988,1,16,6,0928,0925,1043,1040,PI,934,,75.00,75.00,,3.00,3.00,DCA,LEX,414.00,,,0.00,,0.00,,,,,
1988,1,18,1,0954,0925,1128,1040,PI,934,,94.00,75.00,,48.00,29.00,DCA,LEX,414.00,,,0.00,,0.00,,,,,
1988,1,19,2,0924,0925,1052,1040,PI,934,,88.00,75.00,,12.00,-1.00,DCA,LEX,414.00,,,0.00,,0.00,,,,,
1988,1,20,3,0924,0925,1059,1040,PI,934,,95.00,75.00,,19.00,-1.00,DCA,LEX,414.00,,,0.00,,0.00,,,,,
1988,1,21,4,0935,0925,1108,1040,PI,934,,93.00,75.00,,28.00,10.00,DCA,LEX,414.00,,,0.00,,0.00,,,,,
1988,1,22,5,0925,0925,1053,1040,PI,934,,88.00,75.00,,13.00,0.00,DCA,LEX,414.00,,,0.00,,0.00,,,,,
1988,1,23,6,0921,0925,1045,1040,PI,934,,84.00,75.00,,5.00,-4.00,DCA,LEX,414.00,,,0.00,,0.00,,,,,
1988,1,25,1,0926,0925,1102,1040,PI,934,,96.00,75.00,,22.00,1.00,DCA,LEX,414.00,,,0.00,,0.00,,,,,
1988,1,26,2,1213,0925,1340,1040,PI,934,,87.00,75.00,,180.00,168.00,DCA,LEX,414.00,,,0.00,,0.00,,,,,
1988,1,27,3,0924,0925,1052,1040,PI,934,,88.00,75.00,,12.00,-1.00,DCA,LEX,414.00,,,0.00,,0.00,,,,,
1988,1,28,4,0925,0925,1050,1040,PI,934,,85.00,75.00,,10.00,0.00,DCA,LEX,414.00,,,0.00,,0.00,,,,,
1988,1,29,5,0923,0925,1041,1040,PI,934,,78.00,75.00,,1.00,-2.00,DCA,LEX,414.00,,,0.00,,0.00,,,,,
1988,1,30,6,0927,0925,1050,1040,PI,934,,83.00,75.00,,10.00,2.00,DCA,LEX,414.00,,,0.00,,0.00,,,,,
1988,1,6,3,1221,1105,1229,1115,PI,934,,68.00,70.00,,74.00,76.00,LEX,ORD,323.00,,,0.00,,0.00,,,,,
1988,1,7,4,1118,1105,1119,1115,PI,934,,61.00,70.00,,4.00,13.00,LEX,ORD,323.00,,,0.00,,0.00,,,,,
1988,1,8,5,1112,1105,1118,1115,PI,934,,66.00,70.00,,3.00,7.00,LEX,ORD,323.00,,,0.00,,0.00,,,,,
1988,1,9,6,,1105,,1115,PI,934,,,70.00,,,,LEX,ORD,323.00,,,1.00,,0.00,,,,,
1988,1,10,7,1248,1105,1252,1115,PI,934,,64.00,70.00,,97.00,103.00,LEX,ORD,323.00,,,0.00,,0.00,,,,,
1988,1,11,1,1155,1105,1203,1115,PI,934,,68.00,70.00,,48.00,50.00,LEX,ORD,323.00,,,0.00,,0.00,,,,,
1988,1,12,2,1220,1105,1228,1115,PI,934,,68.00,70.00,,73.00,75.00,LEX,ORD,323.00,,,0.00,,0.00,,,,,
1988,1,13,3,1118,1105,1120,1115,PI,934,,62.00,70.00,,5.00,13.00,LEX,ORD,323.00,,,0.00,,0.00,,,,,
1988,1,14,4,1117,1105,1123,1115,PI,934,,66.00,70.00,,8.00,12.00,LEX,ORD,323.00,,,0.00,,0.00,,,,,
1988,1,15,5,1119,1105,1133,1115,PI,934,,74.00,70.00,,18.00,14.00,LEX,ORD,323.00,,,0.00,,0.00,,,,,
1988,1,16,6,1105,1105,1114,1115,PI,934,,69.00,70.00,,-1.00,0.00,LEX,ORD,323.00,,,0.00,,0.00,,,,,
1988,1,17,7,1126,1105,1141,1115,PI,934,,75.00,70.00,,26.00,21.00,LEX,ORD,323.00,,,0.00,,0.00,,,,,
1988,1,18,1,1151,1105,1224,1115,PI,934,,93.00,70.00,,69.00,46.00,LEX,ORD,323.00,,,0.00,,0.00,,,,,
1988,1,19,2,1125,1105,1135,1115,PI,934,,70.00,70.00,,20.00,20.00,LEX,ORD,323.00,,,0.00,,0.00,,,,,
1988,1,20,3,1115,1105,1120,1115,PI,934,,65.00,70.00,,5.00,10.00,LEX,ORD,323.00,,,0.00,,0.00,,,,,
1988,1,21,4,1128,1105,1134,1115,PI,934,,66.00,70.00,,19.00,23.00,LEX,ORD,323.00,,,0.00,,0.00,,,,,
1988,1,22,5,1105,1105,1113,1115,PI,934,,68.00,70.00,,-2.00,0.00,LEX,ORD,323.00,,,0.00,,0.00,,,,,
1988,1,23,6,1111,1105,1112,1115,PI,934,,61.00,70.00,,-3.00,6.00,LEX,ORD,323.00,,,0.00,,0.00,,,,,
1988,1,24,7,1106,1105,1106,1115,PI,934,,60.00,70.00,,-9.00,1.00,LEX,ORD,323.00,,,0.00,,0.00,,,,,
1988,1,25,1,1208,1105,1218,1115,PI,934,,70.00,70.00,,63.00,63.00,LEX,ORD,323.00,,,0.00,,0.00,,,,,
1988,1,26,2,,1105,,1115,PI,934,,,70.00,,,,LEX,ORD,323.00,,,1.00,,0.00,,,,,
1988,1,27,3,1112,1105,1119,1115,PI,934,,67.00,70.00,,4.00,7.00,LEX,ORD,323.00,,,0.00,,0.00,,,,,
1988,1,28,4,1105,1105,1115,1115,PI,934,,70.00,70.00,,0.00,0.00,LEX,ORD,323.00,,,0.00,,0.00,,,,,
1988,1,29,5,1103,1105,1112,1115,PI,934,,69.00,70.00,,-3.00,-2.00,LEX,ORD,323.00,,,0.00,,0.00,,,,,
1988,1,30,6,1105,1105,1129,1115,PI,934,,84.00,70.00,,14.00,0.00,LEX,ORD,323.00,,,0.00,,0.00,,,,,
1988,1,31,7,1108,1105,1111,1115,PI,934,,63.00,70.00,,-4.00,3.00,LEX,ORD,323.00,,,0.00,,0.00,,,,,
1988,1,1,5,0739,0740,0852,0849,PI,934,,73.00,69.00,,3.00,-1.00,SYR,DCA,298.00,,,0.00,,0.00,,,,,
1988,1,3,7,0756,0740,0907,0849,PI,934,,71.00,69.00,,18.00,16.00,SYR,DCA,298.00,,,0.00,,0.00,,,,,
1988,1,4,1,0755,0740,0911,0849,PI,934,,76.00,69.00,,22.00,15.00,SYR,DCA,298.00,,,0.00,,0.00,,,,,
1988,1,5,2,0746,0740,0914,0849,PI,934,,88.00,69.00,,25.00,6.00,SYR,DCA,298.00,,,0.00,,0.00,,,,,
1988,1,6,3,0855,0740,0958,0849,PI,934,,63.00,69.00,,69.00,75.00,SYR,DCA,298.00,,,0.00,,0.00,,,,,
1988,1,7,4,0739,0740,0857,0849,PI,934,,78.00,69.00,,8.00,-1.00,SYR,DCA,298.00,,,0.00,,0.00,,,,,
1988,1,8,5,0747,0740,,0849,PI,934,,,69.00,,,7.00,SYR,DCA,298.00,,,0.00,,1.00,,,,,
1988,1,9,6,0832,0740,0939,0849,PI,934,,67.00,69.00,,50.00,52.00,SYR,DCA,298.00,,,0.00,,0.00,,,,,
1988,1,11,1,0742,0740,0901,0849,PI,934,,79.00,69.00,,12.00,2.00,SYR,DCA,298.00,,,0.00,,0.00,,,,,
1988,1,12,2,0740,0740,0903,0849,PI,934,,83.00,69.00,,14.00,0.00,SYR,DCA,298.00,,,0.00,,0.00,,,,,
1988,1,13,3,0745,0740,0908,0849,PI,934,,83.00,69.00,,19.00,5.00,SYR,DCA,298.00,,,0.00,,0.00,,,,,
1988,1,14,4,0743,0740,0902,0849,PI,934,,79.00,69.00,,13.00,3.00,SYR,DCA,298.00,,,0.00,,0.00,,,,,
1988,1,15,5,0808,0740,0925,0849,PI,934,,77.00,69.00,,36.00,28.00,SYR,DCA,298.00,,,0.00,,0.00,,,,,
1988,1,16,6,0745,0740,0848,0849,PI,934,,63.00,69.00,,-1.00,5.00,SYR,DCA,298.00,,,0.00,,0.00,,,,,
1988,1,18,1,0742,0740,0927,0849,PI,934,,105.00,69.00,,38.00,2.00,SYR,DCA,298.00,,,0.00,,0.00,,,,,
1988,1,19,2,0737,0740,0855,0849,PI,934,,78.00,69.00,,6.00,-3.00,SYR,DCA,298.00,,,0.00,,0.00,,,,,
1988,1,20,3,0735,0740,0902,0849,PI,934,,87.00,69.00,,13.00,-5.00,SYR,DCA,298.00,,,0.00,,0.00,,,,,
1988,1,21,4,0737,0740,0913,0849,PI,934,,96.00,69.00,,24.00,-3.00,SYR,DCA,298.00,,,0.00,,0.00,,,,,
1988,1,22,5,0735,0740,0849,0849,PI,934,,74.00,69.00,,0.00,-5.00,SYR,DCA,298.00,,,0.00,,0.00,,,,,
1988,1,23,6,0734,0740,0850,0849,PI,934,,76.00,69.00,,1.00,-6.00,SYR,DCA,298.00,,,0.00,,0.00,,,,,
1988,1,25,1,0737,0740,0855,0849,PI,934,,78.00,69.00,,6.00,-3.00,SYR,DCA,298.00,,,0.00,,0.00,,,,,
1988,1,26,2,1042,0740,1159,0849,PI,934,,77.00,69.00,,190.00,182.00,SYR,DCA,298.00,,,0.00,,0.00,,,,,
1988,1,27,3,0744,0740,0902,0849,PI,934,,78.00,69.00,,13.00,4.00,SYR,DCA,298.00,,,0.00,,0.00,,,,,
1988,1,28,4,0740,0740,0856,0849,PI,934,,76.00,69.00,,7.00,0.00,SYR,DCA,298.00,,,0.00,,0.00,,,,,
1988,1,29,5,0740,0740,0855,0849,PI,934,,75.00,69.00,,6.00,0.00,SYR,DCA,298.00,,,0.00,,0.00,,,,,
1988,1,30,6,0739,0740,0853,0849,PI,934,,74.00,69.00,,4.00,-1.00,SYR,DCA,298.00,,,0.00,,0.00,,,,,
1988,1,1,5,1157,1200,1250,1255,PI,935,,53.00,55.00,,-5.00,-3.00,BDL,SYR,192.00,,,0.00,,0.00,,,,,
1988,1,2,6,1215,1200,1305,1255,PI,935,,50.00,55.00,,10.00,15.00,BDL,SYR,192.00,,,0.00,,0.00,,,,,
1988,1,3,7,1200,1200,1251,1255,PI,935,,51.00,55.00,,-4.00,0.00,BDL,SYR,192.00,,,0.00,,0.00,,,,,
1988,1,4,1,1203,1200,1250,1255,PI,935,,47.00,55.00,,-5.00,3.00,BDL,SYR,192.00,,,0.00,,0.00,,,,,
1988,1,5,2,1159,1200,1248,1255,PI,935,,49.00,55.00,,-7.00,-1.00,BDL,SYR,192.00,,,0.00,,0.00,,,,,
1988,1,6,3,1157,1200,1249,1255,PI,935,,52.00,55.00,,-6.00,-3.00,BDL,SYR,192.00,,,0.00,,0.00,,,,,
1988,1,7,4,1208,1200,1258,1255,PI,935,,50.00,55.00,,3.00,8.00,BDL,SYR,192.00,,,0.00,,0.00,,,,,
1988,1,8,5,1204,1200,1300,1255,PI,935,,56.00,55.00,,5.00,4.00,BDL,SYR,192.00,,,0.00,,0.00,,,,,
1988,1,9,6,1217,1200,1307,1255,PI,935,,50.00,55.00,,12.00,17.00,BDL,SYR,192.00,,,0.00,,0.00,,,,,
1988,1,10,7,1202,1200,1251,1255,PI,935,,49.00,55.00,,-4.00,2.00,BDL,SYR,192.00,,,0.00,,0.00,,,,,
1988,1,11,1,1200,1200,1244,1255,PI,935,,44.00,55.00,,-11.00,0.00,BDL,SYR,192.00,,,0.00,,0.00,,,,,
1988,1,12,2,1158,1200,1249,1255,PI,935,,51.00,55.00,,-6.00,-2.00,BDL,SYR,192.00,,,0.00,,0.00,,,,,
1988,1,13,3,1157,1200,1251,1255,PI,935,,54.00,55.00,,-4.00,-3.00,BDL,SYR,192.00,,,0.00,,0.00,,,,,
1988,1,14,4,1156,1200,1246,1255,PI,935,,50.00,55.00,,-9.00,-4.00,BDL,SYR,192.00,,,0.00,,0.00,,,,,
1988,1,15,5,,1200,,1255,PI,935,,,55.00,,,,BDL,SYR,192.00,,,1.00,,0.00,,,,,
1988,1,16,6,1156,1200,1240,1255,PI,935,,44.00,55.00,,-15.00,-4.00,BDL,SYR,192.00,,,0.00,,0.00,,,,,
1988,1,17,7,1158,1200,1249,1255,PI,935,,51.00,55.00,,-6.00,-2.00,BDL,SYR,192.00,,,0.00,,0.00,,,,,
1988,1,18,1,1247,1200,1339,1255,PI,935,,52.00,55.00,,44.00,47.00,BDL,SYR,192.00,,,0.00,,0.00,,,,,
1988,1,19,2,1200,1200,1248,1255,PI,935,,48.00,55.00,,-7.00,0.00,BDL,SYR,192.00,,,0.00,,0.00,,,,,
1988,1,20,3,1200,1200,1255,1255,PI,935,,55.00,55.00,,0.00,0.00,BDL,SYR,192.00,,,0.00,,0.00,,,,,
1988,1,21,4,1222,1200,1313,1255,PI,935,,51.00,55.00,,18.00,22.00,BDL,SYR,192.00,,,0.00,,0.00,,,,,
1988,1,22,5,1155,1200,1241,1255,PI,935,,46.00,55.00,,-14.00,-5.00,BDL,SYR,192.00,,,0.00,,0.00,,,,,
1988,1,23,6,1200,1200,1239,1255,PI,935,,39.00,55.00,,-16.00,0.00,BDL,SYR,192.00,,,0.00,,0.00,,,,,
1988,1,24,7,1157,1200,1250,1255,PI,935,,53.00,55.00,,-5.00,-3.00,BDL,SYR,192.00,,,0.00,,0.00,,,,,
1988,1,25,1,1157,1200,1247,1255,PI,935,,50.00,55.00,,-8.00,-3.00,BDL,SYR,192.00,,,0.00,,0.00,,,,,
1988,1,26,2,1208,1200,1300,1255,PI,935,,52.00,55.00,,5.00,8.00,BDL,SYR,192.00,,,0.00,,0.00,,,,,
1988,1,27,3,1210,1200,1314,1255,PI,935,,64.00,55.00,,19.00,10.00,BDL,SYR,192.00,,,0.00,,0.00,,,,,
1988,1,28,4,1157,1200,1245,1255,PI,935,,48.00,55.00,,-10.00,-3.00,BDL,SYR,192.00,,,0.00,,0.00,,,,,
1988,1,29,5,1159,1200,1245,1255,PI,935,,46.00,55.00,,-10.00,-1.00,BDL,SYR,192.00,,,0.00,,0.00,,,,,
1988,1,30,6,1158,1200,1243,1255,PI,935,,45.00,55.00,,-12.00,-2.00,BDL,SYR,192.00,,,0.00,,0.00,,,,,
1988,1,31,7,1157,1200,1249,1255,PI,935,,52.00,55.00,,-6.00,-3.00,BDL,SYR,192.00,,,0.00,,0.00,,,,,
1988,1,1,5,1339,1333,1432,1433,PI,935,,53.00,60.00,,-1.00,6.00,SYR,BOS,264.00,,,0.00,,0.00,,,,,
1988,1,2,6,1349,1333,1442,1433,PI,935,,53.00,60.00,,9.00,16.00,SYR,BOS,264.00,,,0.00,,0.00,,,,,
1988,1,3,7,1338,1333,1430,1433,PI,935,,52.00,60.00,,-3.00,5.00,SYR,BOS,264.00,,,0.00,,0.00,,,,,
1988,1,4,1,1333,1333,1505,1433,PI,935,,92.00,60.00,,32.00,0.00,SYR,BOS,264.00,,,0.00,,0.00,,,,,
1988,1,5,2,1335,1333,1433,1433,PI,935,,58.00,60.00,,0.00,2.00,SYR,BOS,264.00,,,0.00,,0.00,,,,,
1988,1,1,5,1216,1200,1310,1255,PI,937,,54.00,55.00,,15.00,16.00,EWR,SYR,194.00,,,0.00,,0.00,,,,,
1988,1,2,6,1204,1200,1252,1255,PI,937,,48.00,55.00,,-3.00,4.00,EWR,SYR,194.00,,,0.00,,0.00,,,,,
1988,1,3,7,1200,1200,1252,1255,PI,937,,52.00,55.00,,-3.00,0.00,EWR,SYR,194.00,,,0.00,,0.00,,,,,
1988,1,4,1,,1200,,1255,PI,937,,,55.00,,,,EWR,SYR,194.00,,,1.00,,0.00,,,,,
1988,1,5,2,1203,1200,1308,1255,PI,937,,65.00,55.00,,13.00,3.00,EWR,SYR,194.00,,,0.00,,0.00,,,,,
1988,1,6,3,1208,1200,1321,1255,PI,937,,73.00,55.00,,26.00,8.00,EWR,SYR,194.00,,,0.00,,0.00,,,,,
1988,1,7,4,1202,1200,1307,1255,PI,937,,65.00,55.00,,12.00,2.00,EWR,SYR,194.00,,,0.00,,0.00,,,,,
1988,1,8,5,,1200,,1255,PI,937,,,55.00,,,,EWR,SYR,194.00,,,1.00,,0.00,,,,,
1988,1,9,6,,1200,,1255,PI,937,,,55.00,,,,EWR,SYR,194.00,,,1.00,,0.00,,,,,
1988,1,10,7,1205,1200,1300,1255,PI,937,,55.00,55.00,,5.00,5.00,EWR,SYR,194.00,,,0.00,,0.00,,,,,
1988,1,11,1,1157,1200,1255,1255,PI,937,,58.00,55.00,,0.00,-3.00,EWR,SYR,194.00,,,0.00,,0.00,,,,,
1988,1,12,2,1202,1200,1254,1255,PI,937,,52.00,55.00,,-1.00,2.00,EWR,SYR,194.00,,,0.00,,0.00,,,,,
1988,1,13,3,1204,1200,1301,1255,PI,937,,57.00,55.00,,6.00,4.00,EWR,SYR,194.00,,,0.00,,0.00,,,,,
1988,1,14,4,,1200,,1255,PI,937,,,55.00,,,,EWR,SYR,194.00,,,1.00,,0.00,,,,,
1988,1,15,5,1201,1200,1245,1255,PI,937,,44.00,55.00,,-10.00,1.00,EWR,SYR,194.00,,,0.00,,0.00,,,,,
1988,1,16,6,1156,1200,1249,1255,PI,937,,53.00,55.00,,-6.00,-4.00,EWR,SYR,194.00,,,0.00,,0.00,,,,,
1988,1,17,7,1234,1200,1322,1255,PI,937,,48.00,55.00,,27.00,34.00,EWR,SYR,194.00,,,0.00,,0.00,,,,,
1988,1,18,1,1213,1200,1305,1255,PI,937,,52.00,55.00,,10.00,13.00,EWR,SYR,194.00,,,0.00,,0.00,,,,,
1988,1,20,3,1204,1200,1259,1255,PI,937,,55.00,55.00,,4.00,4.00,EWR,SYR,194.00,,,0.00,,0.00,,,,,
1988,1,21,4,1158,1200,1253,1255,PI,937,,55.00,55.00,,-2.00,-2.00,EWR,SYR,194.00,,,0.00,,0.00,,,,,
1988,1,22,5,1200,1200,1254,1255,PI,937,,54.00,55.00,,-1.00,0.00,EWR,SYR,194.00,,,0.00,,0.00,,,,,
1988,1,23,6,1200,1200,1254,1255,PI,937,,54.00,55.00,,-1.00,0.00,EWR,SYR,194.00,,,0.00,,0.00,,,,,
1988,1,24,7,1204,1200,1257,1255,PI,937,,53.00,55.00,,2.00,4.00,EWR,SYR,194.00,,,0.00,,0.00,,,,,
1988,1,25,1,1156,1200,1245,1255,PI,937,,49.00,55.00,,-10.00,-4.00,EWR,SYR,194.00,,,0.00,,0.00,,,,,
1988,1,26,2,1157,1200,1251,1255,PI,937,,54.00,55.00,,-4.00,-3.00,EWR,SYR,194.00,,,0.00,,0.00,,,,,
1988,1,27,3,1157,1200,1302,1255,PI,937,,65.00,55.00,,7.00,-3.00,EWR,SYR,194.00,,,0.00,,0.00,,,,,
1988,1,28,4,1200,1200,1253,1255,PI,937,,53.00,55.00,,-2.00,0.00,EWR,SYR,194.00,,,0.00,,0.00,,,,,
1988,1,29,5,1202,1200,1300,1255,PI,937,,58.00,55.00,,5.00,2.00,EWR,SYR,194.00,,,0.00,,0.00,,,,,
1988,1,30,6,1202,1200,1256,1255,PI,937,,54.00,55.00,,1.00,2.00,EWR,SYR,194.00,,,0.00,,0.00,,,,,
1988,1,31,7,1201,1200,1259,1255,PI,937,,58.00,55.00,,4.00,1.00,EWR,SYR,194.00,,,0.00,,0.00,,,,,
1988,1,1,5,1422,1410,1440,1430,PI,937,,18.00,20.00,,10.00,12.00,ITH,BGM,32.00,,,0.00,,0.00,,,,,
1988,1,2,6,1424,1410,1445,1430,PI,937,,21.00,20.00,,15.00,14.00,ITH,BGM,32.00,,,0.00,,0.00,,,,,
1988,1,3,7,1408,1410,1422,1430,PI,937,,14.00,20.00,,-8.00,-2.00,ITH,BGM,32.00,,,0.00,,0.00,,,,,
1988,1,4,1,1421,1410,1440,1430,PI,937,,19.00,20.00,,10.00,11.00,ITH,BGM,32.00,,,0.00,,0.00,,,,,
1988,1,5,2,1430,1410,1450,1430,PI,937,,20.00,20.00,,20.00,20.00,ITH,BGM,32.00,,,0.00,,0.00,,,,,
1988,1,6,3,1417,1410,1435,1430,PI,937,,18.00,20.00,,5.00,7.00,ITH,BGM,32.00,,,0.00,,0.00,,,,,
1988,1,7,4,1410,1410,1431,1430,PI,937,,21.00,20.00,,1.00,0.00,ITH,BGM,32.00,,,0.00,,0.00,,,,,
1988,1,8,5,1457,1410,1515,1430,PI,937,,18.00,20.00,,45.00,47.00,ITH,BGM,32.00,,,0.00,,0.00,,,,,
1988,1,9,6,1405,1410,1421,1430,PI,937,,16.00,20.00,,-9.00,-5.00,ITH,BGM,32.00,,,0.00,,0.00,,,,,
1988,1,10,7,1410,1410,1430,1430,PI,937,,20.00,20.00,,0.00,0.00,ITH,BGM,32.00,,,0.00,,0.00,,,,,
1988,1,11,1,,1410,,1430,PI,937,,,20.00,,,,ITH,BGM,32.00,,,1.00,,0.00,,,,,
1988,1,12,2,1404,1410,1419,1430,PI,937,,15.00,20.00,,-11.00,-6.00,ITH,BGM,32.00,,,0.00,,0.00,,,,,
1988,1,13,3,1415,1410,1431,1430,PI,937,,16.00,20.00,,1.00,5.00,ITH,BGM,32.00,,,0.00,,0.00,,,,,
1988,1,14,4,,1410,,1430,PI,937,,,20.00,,,,ITH,BGM,32.00,,,1.00,,0.00,,,,,
1988,1,15,5,1411,1410,1427,1430,PI,937,,16.00,20.00,,-3.00,1.00,ITH,BGM,32.00,,,0.00,,0.00,,,,,
1988,1,16,6,1406,1410,1421,1430,PI,937,,15.00,20.00,,-9.00,-4.00,ITH,BGM,32.00,,,0.00,,0.00,,,,,
1988,1,17,7,1428,1410,1442,1430,PI,937,,14.00,20.00,,12.00,18.00,ITH,BGM,32.00,,,0.00,,0.00,,,,,
1988,1,18,1,,1410,,1430,PI,937,,,20.00,,,,ITH,BGM,32.00,,,1.00,,0.00,,,,,
1988,1,19,2,1411,1410,1439,1430,PI,937,,28.00,20.00,,9.00,1.00,ITH,BGM,32.00,,,0.00,,0.00,,,,,
1988,1,20,3,1408,1410,1422,1430,PI,937,,14.00,20.00,,-8.00,-2.00,ITH,BGM,32.00,,,0.00,,0.00,,,,,
1988,1,21,4,1416,1410,1437,1430,PI,937,,21.00,20.00,,7.00,6.00,ITH,BGM,32.00,,,0.00,,0.00,,,,,
1988,1,22,5,1408,1410,1425,1430,PI,937,,17.00,20.00,,-5.00,-2.00,ITH,BGM,32.00,,,0.00,,0.00,,,,,
1988,1,23,6,1404,1410,1420,1430,PI,937,,16.00,20.00,,-10.00,-6.00,ITH,BGM,32.00,,,0.00,,0.00,,,,,
1988,1,24,7,1405,1410,1420,1430,PI,937,,15.00,20.00,,-10.00,-5.00,ITH,BGM,32.00,,,0.00,,0.00,,,,,
1988,1,25,1,1400,1410,1420,1430,PI,937,,20.00,20.00,,-10.00,-10.00,ITH,BGM,32.00,,,0.00,,0.00,,,,,
1988,1,26,2,1411,1410,1434,1430,PI,937,,23.00,20.00,,4.00,1.00,ITH,BGM,32.00,,,0.00,,0.00,,,,,
1988,1,27,3,1423,1410,1439,1430,PI,937,,16.00,20.00,,9.00,13.00,ITH,BGM,32.00,,,0.00,,0.00,,,,,
1988,1,28,4,1407,1410,1426,1430,PI,937,,19.00,20.00,,-4.00,-3.00,ITH,BGM,32.00,,,0.00,,0.00,,,,,
1988,1,29,5,1404,1410,1418,1430,PI,937,,14.00,20.00,,-12.00,-6.00,ITH,BGM,32.00,,,0.00,,0.00,,,,,
1988,1,30,6,1408,1410,1423,1430,PI,937,,15.00,20.00,,-7.00,-2.00,ITH,BGM,32.00,,,0.00,,0.00,,,,,
1988,1,31,7,1408,1410,1422,1430,PI,937,,14.00,20.00,,-8.00,-2.00,ITH,BGM,32.00,,,0.00,,0.00,,,,,
1988,1,1,5,1337,1331,1359,1356,PI,937,,22.00,25.00,,3.00,6.00,SYR,ITH,46.00,,,0.00,,0.00,,,,,
1988,1,2,6,1342,1331,1408,1356,PI,937,,26.00,25.00,,12.00,11.00,SYR,ITH,46.00,,,0.00,,0.00,,,,,
1988,1,3,7,1333,1331,1355,1356,PI,937,,22.00,25.00,,-1.00,2.00,SYR,ITH,46.00,,,0.00,,0.00,,,,,
1988,1,4,1,1342,1331,1408,1356,PI,937,,26.00,25.00,,12.00,11.00,SYR,ITH,46.00,,,0.00,,0.00,,,,,
1988,1,5,2,1336,1331,1358,1356,PI,937,,22.00,25.00,,2.00,5.00,SYR,ITH,46.00,,,0.00,,0.00,,,,,
1988,1,6,3,1343,1331,1406,1356,PI,937,,23.00,25.00,,10.00,12.00,SYR,ITH,46.00,,,0.00,,0.00,,,,,
1988,1,7,4,1332,1331,1359,1356,PI,937,,27.00,25.00,,3.00,1.00,SYR,ITH,46.00,,,0.00,,0.00,,,,,
1988,1,8,5,1355,1331,1431,1356,PI,937,,36.00,25.00,,35.00,24.00,SYR,ITH,46.00,,,0.00,,0.00,,,,,
1988,1,9,6,1330,1331,1353,1356,PI,937,,23.00,25.00,,-3.00,-1.00,SYR,ITH,46.00,,,0.00,,0.00,,,,,
1988,1,10,7,1336,1331,1357,1356,PI,937,,21.00,25.00,,1.00,5.00,SYR,ITH,46.00,,,0.00,,0.00,,,,,
1988,1,11,1,1329,1331,1352,1356,PI,937,,23.00,25.00,,-4.00,-2.00,SYR,ITH,46.00,,,0.00,,0.00,,,,,
1988,1,12,2,1330,1331,1351,1356,PI,937,,21.00,25.00,,-5.00,-1.00,SYR,ITH,46.00,,,0.00,,0.00,,,,,
1988,1,13,3,1334,1331,1404,1356,PI,937,,30.00,25.00,,8.00,3.00,SYR,ITH,46.00,,,0.00,,0.00,,,,,
1988,1,14,4,,1331,,1356,PI,937,,,25.00,,,,SYR,ITH,46.00,,,1.00,,0.00,,,,,
1988,1,15,5,1336,1331,1403,1356,PI,937,,27.00,25.00,,7.00,5.00,SYR,ITH,46.00,,,0.00,,0.00,,,,,
1988,1,16,6,1324,1331,1346,1356,PI,937,,22.00,25.00,,-10.00,-7.00,SYR,ITH,46.00,,,0.00,,0.00,,,,,
1988,1,17,7,1344,1331,1414,1356,PI,937,,30.00,25.00,,18.00,13.00,SYR,ITH,46.00,,,0.00,,0.00,,,,,
1988,1,18,1,1353,1331,1422,1356,PI,937,,29.00,25.00,,26.00,22.00,SYR,ITH,46.00,,,0.00,,0.00,,,,,
1988,1,19,2,1331,1331,1402,1356,PI,937,,31.00,25.00,,6.00,0.00,SYR,ITH,46.00,,,0.00,,0.00,,,,,
1988,1,20,3,1328,1331,1353,1356,PI,937,,25.00,25.00,,-3.00,-3.00,SYR,ITH,46.00,,,0.00,,0.00,,,,,
1988,1,21,4,1328,1331,1354,1356,PI,937,,26.00,25.00,,-2.00,-3.00,SYR,ITH,46.00,,,0.00,,0.00,,,,,
1988,1,22,5,1329,1331,1346,1356,PI,937,,17.00,25.00,,-10.00,-2.00,SYR,ITH,46.00,,,0.00,,0.00,,,,,
1988,1,23,6,1325,1331,1348,1356,PI,937,,23.00,25.00,,-8.00,-6.00,SYR,ITH,46.00,,,0.00,,0.00,,,,,
1988,1,24,7,1325,1331,1351,1356,PI,937,,26.00,25.00,,-5.00,-6.00,SYR,ITH,46.00,,,0.00,,0.00,,,,,
1988,1,25,1,1321,1331,1341,1356,PI,937,,20.00,25.00,,-15.00,-10.00,SYR,ITH,46.00,,,0.00,,0.00,,,,,
1988,1,26,2,1333,1331,1358,1356,PI,937,,25.00,25.00,,2.00,2.00,SYR,ITH,46.00,,,0.00,,0.00,,,,,
1988,1,27,3,1339,1331,1409,1356,PI,937,,30.00,25.00,,13.00,8.00,SYR,ITH,46.00,,,0.00,,0.00,,,,,
1988,1,28,4,1326,1331,1350,1356,PI,937,,24.00,25.00,,-6.00,-5.00,SYR,ITH,46.00,,,0.00,,0.00,,,,,
1988,1,29,5,1330,1331,1351,1356,PI,937,,21.00,25.00,,-5.00,-1.00,SYR,ITH,46.00,,,0.00,,0.00,,,,,
1988,1,30,6,1329,1331,1354,1356,PI,937,,25.00,25.00,,-2.00,-2.00,SYR,ITH,46.00,,,0.00,,0.00,,,,,
1988,1,31,7,1329,1331,1350,1356,PI,937,,21.00,25.00,,-6.00,-2.00,SYR,ITH,46.00,,,0.00,,0.00,,,,,
1988,1,1,5,1520,1520,1632,1625,PI,938,,72.00,65.00,,7.00,0.00,BOS,SYR,264.00,,,0.00,,0.00,,,,,
1988,1,2,6,1532,1520,1634,1625,PI,938,,62.00,65.00,,9.00,12.00,BOS,SYR,264.00,,,0.00,,0.00,,,,,
1988,1,3,7,1522,1520,1636,1625,PI,938,,74.00,65.00,,11.00,2.00,BOS,SYR,264.00,,,0.00,,0.00,,,,,
1988,1,4,1,1531,1520,1705,1625,PI,938,,94.00,65.00,,40.00,11.00,BOS,SYR,264.00,,,0.00,,0.00,,,,,
1988,1,5,2,1518,1520,1635,1625,PI,938,,77.00,65.00,,10.00,-2.00,BOS,SYR,264.00,,,0.00,,0.00,,,,,
1988,1,6,3,1525,1520,1634,1625,PI,938,,69.00,65.00,,9.00,5.00,BOS,SYR,264.00,,,0.00,,0.00,,,,,
1988,1,7,4,1525,1520,1640,1625,PI,938,,75.00,65.00,,15.00,5.00,BOS,SYR,264.00,,,0.00,,0.00,,,,,
1988,1,8,5,1735,1520,1843,1625,PI,938,,68.00,65.00,,138.00,135.00,BOS,SYR,264.00,,,0.00,,0.00,,,,,
1988,1,9,6,1617,1520,1735,1625,PI,938,,78.00,65.00,,70.00,57.00,BOS,SYR,264.00,,,0.00,,0.00,,,,,
1988,1,10,7,1521,1520,1623,1625,PI,938,,62.00,65.00,,-2.00,1.00,BOS,SYR,264.00,,,0.00,,0.00,,,,,
1988,1,11,1,1523,1520,1635,1625,PI,938,,72.00,65.00,,10.00,3.00,BOS,SYR,264.00,,,0.00,,0.00,,,,,
1988,1,12,2,1520,1520,1632,1625,PI,938,,72.00,65.00,,7.00,0.00,BOS,SYR,264.00,,,0.00,,0.00,,,,,
1988,1,13,3,1522,1520,1637,1625,PI,938,,75.00,65.00,,12.00,2.00,BOS,SYR,264.00,,,0.00,,0.00,,,,,
1988,1,14,4,1522,1520,1630,1625,PI,938,,68.00,65.00,,5.00,2.00,BOS,SYR,264.00,,,0.00,,0.00,,,,,
1988,1,15,5,1538,1520,1648,1625,PI,938,,70.00,65.00,,23.00,18.00,BOS,SYR,264.00,,,0.00,,0.00,,,,,
1988,1,16,6,1522,1520,1628,1625,PI,938,,66.00,65.00,,3.00,2.00,BOS,SYR,264.00,,,0.00,,0.00,,,,,
1988,1,17,7,1519,1520,1621,1625,PI,938,,62.00,65.00,,-4.00,-1.00,BOS,SYR,264.00,,,0.00,,0.00,,,,,
1988,1,18,1,1552,1520,1658,1625,PI,938,,66.00,65.00,,33.00,32.00,BOS,SYR,264.00,,,0.00,,0.00,,,,,
1988,1,19,2,1527,1520,1632,1625,PI,938,,65.00,65.00,,7.00,7.00,BOS,SYR,264.00,,,0.00,,0.00,,,,,
1988,1,20,3,1522,1520,1636,1625,PI,938,,74.00,65.00,,11.00,2.00,BOS,SYR,264.00,,,0.00,,0.00,,,,,
1988,1,21,4,1523,1520,1645,1625,PI,938,,82.00,65.00,,20.00,3.00,BOS,SYR,264.00,,,0.00,,0.00,,,,,
1988,1,22,5,1517,1520,1617,1625,PI,938,,60.00,65.00,,-8.00,-3.00,BOS,SYR,264.00,,,0.00,,0.00,,,,,
1988,1,23,6,1519,1520,1616,1625,PI,938,,57.00,65.00,,-9.00,-1.00,BOS,SYR,264.00,,,0.00,,0.00,,,,,
1988,1,24,7,1519,1520,1621,1625,PI,938,,62.00,65.00,,-4.00,-1.00,BOS,SYR,264.00,,,0.00,,0.00,,,,,
1988,1,25,1,1519,1520,1625,1625,PI,938,,66.00,65.00,,0.00,-1.00,BOS,SYR,264.00,,,0.00,,0.00,,,,,
1988,1,26,2,,1520,,1625,PI,938,,,65.00,,,,BOS,SYR,264.00,,,1.00,,0.00,,,,,
1988,1,27,3,1520,1520,1638,1625,PI,938,,78.00,65.00,,13.00,0.00,BOS,SYR,264.00,,,0.00,,0.00,,,,,
1988,1,28,4,1520,1520,1616,1625,PI,938,,56.00,65.00,,-9.00,0.00,BOS,SYR,264.00,,,0.00,,0.00,,,,,
1988,1,29,5,1520,1520,1622,1625,PI,938,,62.00,65.00,,-3.00,0.00,BOS,SYR,264.00,,,0.00,,0.00,,,,,
1988,1,30,6,1518,1520,1626,1625,PI,938,,68.00,65.00,,1.00,-2.00,BOS,SYR,264.00,,,0.00,,0.00,,,,,
1988,1,31,7,1518,1520,1618,1625,PI,938,,60.00,65.00,,-7.00,-2.00,BOS,SYR,264.00,,,0.00,,0.00,,,,,
1988,1,1,5,1706,1701,1820,1806,PI,938,,74.00,65.00,,14.00,5.00,SYR,CLE,317.00,,,0.00,,0.00,,,,,
1988,1,2,6,1732,1701,1837,1806,PI,938,,65.00,65.00,,31.00,31.00,SYR,CLE,317.00,,,0.00,,0.00,,,,,
1988,1,3,7,1718,1701,1829,1806,PI,938,,71.00,65.00,,23.00,17.00,SYR,CLE,317.00,,,0.00,,0.00,,,,,
1988,1,4,1,1726,1701,1900,1806,PI,938,,94.00,65.00,,54.00,25.00,SYR,CLE,317.00,,,0.00,,0.00,,,,,
1988,1,5,2,1713,1701,1833,1806,PI,938,,80.00,65.00,,27.00,12.00,SYR,CLE,317.00,,,0.00,,0.00,,,,,
1988,1,4,1,0814,0815,0853,0850,PI,940,,39.00,35.00,,3.00,-1.00,SYR,BUF,134.00,,,0.00,,0.00,,,,,
1988,1,5,2,0817,0815,0900,0850,PI,940,,43.00,35.00,,10.00,2.00,SYR,BUF,134.00,,,0.00,,0.00,,,,,
1988,1,6,3,,0815,,0850,PI,940,,,35.00,,,,SYR,BUF,134.00,,,1.00,,0.00,,,,,
1988,1,7,4,0815,0815,0851,0850,PI,940,,36.00,35.00,,1.00,0.00,SYR,BUF,134.00,,,0.00,,0.00,,,,,
1988,1,8,5,0827,0815,0910,0850,PI,940,,43.00,35.00,,20.00,12.00,SYR,BUF,134.00,,,0.00,,0.00,,,,,
1988,1,11,1,,0815,,0850,PI,940,,,35.00,,,,SYR,BUF,134.00,,,1.00,,0.00,,,,,
1988,1,12,2,0816,0815,0857,0850,PI,940,,41.00,35.00,,7.00,1.00,SYR,BUF,134.00,,,0.00,,0.00,,,,,
1988,1,13,3,0824,0815,0902,0850,PI,940,,38.00,35.00,,12.00,9.00,SYR,BUF,134.00,,,0.00,,0.00,,,,,
1988,1,14,4,0815,0815,0859,0850,PI,940,,44.00,35.00,,9.00,0.00,SYR,BUF,134.00,,,0.00,,0.00,,,,,
1988,1,15,5,,0815,,0850,PI,940,,,35.00,,,,SYR,BUF,134.00,,,1.00,,0.00,,,,,
1988,1,18,1,0813,0815,0850,0850,PI,940,,37.00,35.00,,0.00,-2.00,SYR,BUF,134.00,,,0.00,,0.00,,,,,
1988,1,19,2,0815,0815,0852,0850,PI,940,,37.00,35.00,,2.00,0.00,SYR,BUF,134.00,,,0.00,,0.00,,,,,
1988,1,20,3,0812,0815,0852,0850,PI,940,,40.00,35.00,,2.00,-3.00,SYR,BUF,134.00,,,0.00,,0.00,,,,,
1988,1,21,4,0815,0815,0853,0850,PI,940,,38.00,35.00,,3.00,0.00,SYR,BUF,134.00,,,0.00,,0.00,,,,,
1988,1,22,5,0811,0815,0851,0850,PI,940,,40.00,35.00,,1.00,-4.00,SYR,BUF,134.00,,,0.00,,0.00,,,,,
1988,1,25,1,0811,0815,0847,0850,PI,940,,36.00,35.00,,-3.00,-4.00,SYR,BUF,134.00,,,0.00,,0.00,,,,,
1988,1,26,2,0815,0815,0932,0850,PI,940,,77.00,35.00,,42.00,0.00,SYR,BUF,134.00,,,0.00,,0.00,,,,,
1988,1,27,3,0814,0815,0854,0850,PI,940,,40.00,35.00,,4.00,-1.00,SYR,BUF,134.00,,,0.00,,0.00,,,,,
1988,1,28,4,0816,0815,0854,0850,PI,940,,38.00,35.00,,4.00,1.00,SYR,BUF,134.00,,,0.00,,0.00,,,,,
1988,1,29,5,0814,0815,0856,0850,PI,940,,42.00,35.00,,6.00,-1.00,SYR,BUF,134.00,,,0.00,,0.00,,,,,
1988,1,4,1,0926,0930,1001,1005,PI,941,,35.00,35.00,,-4.00,-4.00,BUF,SYR,134.00,,,0.00,,0.00,,,,,
1988,1,5,2,0930,0930,1007,1005,PI,941,,37.00,35.00,,2.00,0.00,BUF,SYR,134.00,,,0.00,,0.00,,,,,
1988,1,6,3,,0930,,1005,PI,941,,,35.00,,,,BUF,SYR,134.00,,,1.00,,0.00,,,,,
1988,1,7,4,0930,0930,1003,1005,PI,941,,33.00,35.00,,-2.00,0.00,BUF,SYR,134.00,,,0.00,,0.00,,,,,
1988,1,8,5,0930,0930,1005,1005,PI,941,,35.00,35.00,,0.00,0.00,BUF,SYR,134.00,,,0.00,,0.00,,,,,
1988,1,11,1,,0930,,1005,PI,941,,,35.00,,,,BUF,SYR,134.00,,,1.00,,0.00,,,,,
1988,1,12,2,0930,0930,1002,1005,PI,941,,32.00,35.00,,-3.00,0.00,BUF,SYR,134.00,,,0.00,,0.00,,,,,
1988,1,13,3,0945,0930,1022,1005,PI,941,,37.00,35.00,,17.00,15.00,BUF,SYR,134.00,,,0.00,,0.00,,,,,
1988,1,14,4,0930,0930,1009,1005,PI,941,,39.00,35.00,,4.00,0.00,BUF,SYR,134.00,,,0.00,,0.00,,,,,
1988,1,15,5,,0930,,1005,PI,941,,,35.00,,,,BUF,SYR,134.00,,,1.00,,0.00,,,,,
1988,1,18,1,0934,0930,1009,1005,PI,941,,35.00,35.00,,4.00,4.00,BUF,SYR,134.00,,,0.00,,0.00,,,,,
1988,1,19,2,0930,0930,1002,1005,PI,941,,32.00,35.00,,-3.00,0.00,BUF,SYR,134.00,,,0.00,,0.00,,,,,
1988,1,20,3,0926,0930,1004,1005,PI,941,,38.00,35.00,,-1.00,-4.00,BUF,SYR,134.00,,,0.00,,0.00,,,,,
1988,1,21,4,0932,0930,1016,1005,PI,941,,44.00,35.00,,11.00,2.00,BUF,SYR,134.00,,,0.00,,0.00,,,,,
1988,1,22,5,0928,0930,1004,1005,PI,941,,36.00,35.00,,-1.00,-2.00,BUF,SYR,134.00,,,0.00,,0.00,,,,,
1988,1,25,1,0927,0930,1001,1005,PI,941,,34.00,35.00,,-4.00,-3.00,BUF,SYR,134.00,,,0.00,,0.00,,,,,
1988,1,26,2,0948,0930,1039,1005,PI,941,,51.00,35.00,,34.00,18.00,BUF,SYR,134.00,,,0.00,,0.00,,,,,
1988,1,27,3,0930,0930,1011,1005,PI,941,,41.00,35.00,,6.00,0.00,BUF,SYR,134.00,,,0.00,,0.00,,,,,
1988,1,28,4,0930,0930,1005,1005,PI,941,,35.00,35.00,,0.00,0.00,BUF,SYR,134.00,,,0.00,,0.00,,,,,
1988,1,29,5,0928,0930,1003,1005,PI,941,,35.00,35.00,,-2.00,-2.00,BUF,SYR,134.00,,,0.00,,0.00,,,,,
1988,1,1,5,1352,1331,1454,1435,PI,942,,62.00,64.00,,19.00,21.00,SYR,BWI,273.00,,,0.00,,0.00,,,,,
1988,1,2,6,1352,1331,1454,1435,PI,942,,62.00,64.00,,19.00,21.00,SYR,BWI,273.00,,,0.00,,0.00,,,,,
1988,1,3,7,1345,1331,1441,1435,PI,942,,56.00,64.00,,6.00,14.00,SYR,BWI,273.00,,,0.00,,0.00,,,,,
1988,1,4,1,1352,1331,1505,1435,PI,942,,73.00,64.00,,30.00,21.00,SYR,BWI,273.00,,,0.00,,0.00,,,,,
1988,1,5,2,1345,1331,1454,1435,PI,942,,69.00,64.00,,19.00,14.00,SYR,BWI,273.00,,,0.00,,0.00,,,,,
1988,1,6,3,1400,1331,1500,1435,PI,942,,60.00,64.00,,25.00,29.00,SYR,BWI,273.00,,,0.00,,0.00,,,,,
1988,1,7,4,1337,1331,1449,1435,PI,942,,72.00,64.00,,14.00,6.00,SYR,BWI,273.00,,,0.00,,0.00,,,,,
1988,1,8,5,1356,1331,1515,1435,PI,942,,79.00,64.00,,40.00,25.00,SYR,BWI,273.00,,,0.00,,0.00,,,,,
1988,1,9,6,1348,1331,1458,1435,PI,942,,70.00,64.00,,23.00,17.00,SYR,BWI,273.00,,,0.00,,0.00,,,,,
1988,1,10,7,1334,1331,1443,1435,PI,942,,69.00,64.00,,8.00,3.00,SYR,BWI,273.00,,,0.00,,0.00,,,,,
1988,1,11,1,1446,1331,1553,1435,PI,942,,67.00,64.00,,78.00,75.00,SYR,BWI,273.00,,,0.00,,0.00,,,,,
1988,1,12,2,1334,1331,1438,1435,PI,942,,64.00,64.00,,3.00,3.00,SYR,BWI,273.00,,,0.00,,0.00,,,,,
1988,1,13,3,1341,1331,1503,1435,PI,942,,82.00,64.00,,28.00,10.00,SYR,BWI,273.00,,,0.00,,0.00,,,,,
1988,1,14,4,1332,1331,1447,1435,PI,942,,75.00,64.00,,12.00,1.00,SYR,BWI,273.00,,,0.00,,0.00,,,,,
1988,1,15,5,1331,1331,1434,1435,PI,942,,63.00,64.00,,-1.00,0.00,SYR,BWI,273.00,,,0.00,,0.00,,,,,
1988,1,16,6,1327,1331,1427,1435,PI,942,,60.00,64.00,,-8.00,-4.00,SYR,BWI,273.00,,,0.00,,0.00,,,,,
1988,1,17,7,1331,1331,1440,1435,PI,942,,69.00,64.00,,5.00,0.00,SYR,BWI,273.00,,,0.00,,0.00,,,,,
1988,1,18,1,1349,1331,1519,1435,PI,942,,90.00,64.00,,44.00,18.00,SYR,BWI,273.00,,,0.00,,0.00,,,,,
1988,1,19,2,1337,1331,1438,1435,PI,942,,61.00,64.00,,3.00,6.00,SYR,BWI,273.00,,,0.00,,0.00,,,,,
1988,1,20,3,1337,1331,1452,1435,PI,942,,75.00,64.00,,17.00,6.00,SYR,BWI,273.00,,,0.00,,0.00,,,,,
1988,1,21,4,1330,1331,1459,1435,PI,942,,89.00,64.00,,24.00,-1.00,SYR,BWI,273.00,,,0.00,,0.00,,,,,
1988,1,22,5,1331,1331,1434,1435,PI,942,,63.00,64.00,,-1.00,0.00,SYR,BWI,273.00,,,0.00,,0.00,,,,,
1988,1,23,6,1333,1331,1436,1435,PI,942,,63.00,64.00,,1.00,2.00,SYR,BWI,273.00,,,0.00,,0.00,,,,,
1988,1,24,7,1328,1331,1430,1435,PI,942,,62.00,64.00,,-5.00,-3.00,SYR,BWI,273.00,,,0.00,,0.00,,,,,
1988,1,25,1,1330,1331,1444,1435,PI,942,,74.00,64.00,,9.00,-1.00,SYR,BWI,273.00,,,0.00,,0.00,,,,,
1988,1,26,2,1407,1331,1518,1435,PI,942,,71.00,64.00,,43.00,36.00,SYR,BWI,273.00,,,0.00,,0.00,,,,,
1988,1,27,3,1332,1331,1445,1435,PI,942,,73.00,64.00,,10.00,1.00,SYR,BWI,273.00,,,0.00,,0.00,,,,,
1988,1,28,4,1331,1331,1438,1435,PI,942,,67.00,64.00,,3.00,0.00,SYR,BWI,273.00,,,0.00,,0.00,,,,,
1988,1,29,5,1339,1331,1442,1435,PI,942,,63.00,64.00,,7.00,8.00,SYR,BWI,273.00,,,0.00,,0.00,,,,,
1988,1,30,6,1332,1331,1435,1435,PI,942,,63.00,64.00,,0.00,1.00,SYR,BWI,273.00,,,0.00,,0.00,,,,,
1988,1,31,7,1329,1331,1434,1435,PI,942,,65.00,64.00,,-1.00,-2.00,SYR,BWI,273.00,,,0.00,,0.00,,,,,
1988,1,1,5,0947,0950,1050,1050,PI,943,,63.00,60.00,,0.00,-3.00,LGA,SYR,198.00,,,0.00,,0.00,,,,,
1988,1,3,7,0957,0950,1048,1050,PI,943,,51.00,60.00,,-2.00,7.00,LGA,SYR,198.00,,,0.00,,0.00,,,,,
1988,1,4,1,1107,0950,1219,1050,PI,943,,72.00,60.00,,89.00,77.00,LGA,SYR,198.00,,,0.00,,0.00,,,,,
1988,1,6,3,0950,0950,1100,1050,PI,943,,70.00,60.00,,10.00,0.00,LGA,SYR,198.00,,,0.00,,0.00,,,,,
1988,1,7,4,0956,0950,1047,1050,PI,943,,51.00,60.00,,-3.00,6.00,LGA,SYR,198.00,,,0.00,,0.00,,,,,
1988,1,8,5,,0950,,1050,PI,943,,,60.00,,,,LGA,SYR,198.00,,,1.00,,0.00,,,,,
1988,1,11,1,0950,0950,1042,1050,PI,943,,52.00,60.00,,-8.00,0.00,LGA,SYR,198.00,,,0.00,,0.00,,,,,
1988,1,12,2,0949,0950,1051,1050,PI,943,,62.00,60.00,,1.00,-1.00,LGA,SYR,198.00,,,0.00,,0.00,,,,,
1988,1,13,3,1023,0950,1117,1050,PI,943,,54.00,60.00,,27.00,33.00,LGA,SYR,198.00,,,0.00,,0.00,,,,,
1988,1,14,4,1020,0950,1128,1050,PI,943,,68.00,60.00,,38.00,30.00,LGA,SYR,198.00,,,0.00,,0.00,,,,,
1988,1,15,5,0951,0950,1043,1050,PI,943,,52.00,60.00,,-7.00,1.00,LGA,SYR,198.00,,,0.00,,0.00,,,,,
1988,1,16,6,0950,0950,1047,1050,PI,943,,57.00,60.00,,-3.00,0.00,LGA,SYR,198.00,,,0.00,,0.00,,,,,
1988,1,18,1,,0950,,1050,PI,943,,,60.00,,,,LGA,SYR,198.00,,,1.00,,0.00,,,,,
1988,1,19,2,0955,0950,1100,1050,PI,943,,65.00,60.00,,10.00,5.00,LGA,SYR,198.00,,,0.00,,0.00,,,,,
1988,1,20,3,0956,0950,1056,1050,PI,943,,60.00,60.00,,6.00,6.00,LGA,SYR,198.00,,,0.00,,0.00,,,,,
1988,1,21,4,1002,0950,1055,1050,PI,943,,53.00,60.00,,5.00,12.00,LGA,SYR,198.00,,,0.00,,0.00,,,,,
1988,1,22,5,0953,0950,1056,1050,PI,943,,63.00,60.00,,6.00,3.00,LGA,SYR,198.00,,,0.00,,0.00,,,,,
1988,1,23,6,0950,0950,1041,1050,PI,943,,51.00,60.00,,-9.00,0.00,LGA,SYR,198.00,,,0.00,,0.00,,,,,
1988,1,25,1,0951,0950,1049,1050,PI,943,,58.00,60.00,,-1.00,1.00,LGA,SYR,198.00,,,0.00,,0.00,,,,,
1988,1,26,2,1000,0950,1053,1050,PI,943,,53.00,60.00,,3.00,10.00,LGA,SYR,198.00,,,0.00,,0.00,,,,,
1988,1,27,3,0948,0950,1049,1050,PI,943,,61.00,60.00,,-1.00,-2.00,LGA,SYR,198.00,,,0.00,,0.00,,,,,
1988,1,28,4,0952,0950,1041,1050,PI,943,,49.00,60.00,,-9.00,2.00,LGA,SYR,198.00,,,0.00,,0.00,,,,,
1988,1,29,5,0948,0950,1048,1050,PI,943,,60.00,60.00,,-2.00,-2.00,LGA,SYR,198.00,,,0.00,,0.00,,,,,
1988,1,30,6,0950,0950,1040,1050,PI,943,,50.00,60.00,,-10.00,0.00,LGA,SYR,198.00,,,0.00,,0.00,,,,,
1988,1,1,5,1104,1110,1143,1145,PI,943,,39.00,35.00,,-2.00,-6.00,SYR,BUF,134.00,,,0.00,,0.00,,,,,
1988,1,3,7,1112,1110,1150,1145,PI,943,,38.00,35.00,,5.00,2.00,SYR,BUF,134.00,,,0.00,,0.00,,,,,
1988,1,4,1,1249,1110,1328,1145,PI,943,,39.00,35.00,,103.00,99.00,SYR,BUF,134.00,,,0.00,,0.00,,,,,
1988,1,5,2,1108,1110,1154,1145,PI,943,,46.00,35.00,,9.00,-2.00,SYR,BUF,134.00,,,0.00,,0.00,,,,,
1988,1,6,3,1118,1110,1154,1145,PI,943,,36.00,35.00,,9.00,8.00,SYR,BUF,134.00,,,0.00,,0.00,,,,,
1988,1,7,4,1109,1110,1144,1145,PI,943,,35.00,35.00,,-1.00,-1.00,SYR,BUF,134.00,,,0.00,,0.00,,,,,
1988,1,8,5,1138,1110,1251,1145,PI,943,,73.00,35.00,,66.00,28.00,SYR,BUF,134.00,,,0.00,,0.00,,,,,
1988,1,11,1,1109,1110,1144,1145,PI,943,,35.00,35.00,,-1.00,-1.00,SYR,BUF,134.00,,,0.00,,0.00,,,,,
1988,1,12,2,1110,1110,1148,1145,PI,943,,38.00,35.00,,3.00,0.00,SYR,BUF,134.00,,,0.00,,0.00,,,,,
1988,1,13,3,1126,1110,1201,1145,PI,943,,35.00,35.00,,16.00,16.00,SYR,BUF,134.00,,,0.00,,0.00,,,,,
1988,1,14,4,1139,1110,1212,1145,PI,943,,33.00,35.00,,27.00,29.00,SYR,BUF,134.00,,,0.00,,0.00,,,,,
1988,1,15,5,1108,1110,1146,1145,PI,943,,38.00,35.00,,1.00,-2.00,SYR,BUF,134.00,,,0.00,,0.00,,,,,
1988,1,16,6,1110,1110,1146,1145,PI,943,,36.00,35.00,,1.00,0.00,SYR,BUF,134.00,,,0.00,,0.00,,,,,
1988,1,18,1,1124,1110,1213,1145,PI,943,,49.00,35.00,,28.00,14.00,SYR,BUF,134.00,,,0.00,,0.00,,,,,
1988,1,19,2,1110,1110,1152,1145,PI,943,,42.00,35.00,,7.00,0.00,SYR,BUF,134.00,,,0.00,,0.00,,,,,
1988,1,20,3,1113,1110,1146,1145,PI,943,,33.00,35.00,,1.00,3.00,SYR,BUF,134.00,,,0.00,,0.00,,,,,
1988,1,21,4,1109,1110,1146,1145,PI,943,,37.00,35.00,,1.00,-1.00,SYR,BUF,134.00,,,0.00,,0.00,,,,,
1988,1,22,5,1107,1110,1145,1145,PI,943,,38.00,35.00,,0.00,-3.00,SYR,BUF,134.00,,,0.00,,0.00,,,,,
1988,1,23,6,1110,1110,1142,1145,PI,943,,32.00,35.00,,-3.00,0.00,SYR,BUF,134.00,,,0.00,,0.00,,,,,
1988,1,25,1,1108,1110,1145,1145,PI,943,,37.00,35.00,,0.00,-2.00,SYR,BUF,134.00,,,0.00,,0.00,,,,,
1988,1,26,2,1341,1110,,1145,PI,943,,,35.00,,,151.00,SYR,BUF,134.00,,,0.00,,1.00,,,,,
1988,1,27,3,1109,1110,1148,1145,PI,943,,39.00,35.00,,3.00,-1.00,SYR,BUF,134.00,,,0.00,,0.00,,,,,
1988,1,28,4,1106,1110,1140,1145,PI,943,,34.00,35.00,,-5.00,-4.00,SYR,BUF,134.00,,,0.00,,0.00,,,,,
1988,1,29,5,1108,1110,1145,1145,PI,943,,37.00,35.00,,0.00,-2.00,SYR,BUF,134.00,,,0.00,,0.00,,,,,
1988,1,30,6,1110,1110,1147,1145,PI,943,,37.00,35.00,,2.00,0.00,SYR,BUF,134.00,,,0.00,,0.00,,,,,
1988,1,1,5,1457,1500,1553,1550,PI,944,,56.00,50.00,,3.00,-3.00,JFK,UCA,191.00,,,0.00,,0.00,,,,,
1988,1,2,6,1458,1500,1552,1550,PI,944,,54.00,50.00,,2.00,-2.00,JFK,UCA,191.00,,,0.00,,0.00,,,,,
1988,1,3,7,1459,1500,1549,1550,PI,944,,50.00,50.00,,-1.00,-1.00,JFK,UCA,191.00,,,0.00,,0.00,,,,,
1988,1,4,1,1556,1500,1727,1550,PI,944,,91.00,50.00,,97.00,56.00,JFK,UCA,191.00,,,0.00,,0.00,,,,,
1988,1,5,2,1500,1500,1605,1550,PI,944,,65.00,50.00,,15.00,0.00,JFK,UCA,191.00,,,0.00,,0.00,,,,,
1988,1,6,3,1500,1500,1553,1550,PI,944,,53.00,50.00,,3.00,0.00,JFK,UCA,191.00,,,0.00,,0.00,,,,,
1988,1,7,4,1500,1500,1602,1550,PI,944,,62.00,50.00,,12.00,0.00,JFK,UCA,191.00,,,0.00,,0.00,,,,,
1988,1,8,5,,1500,,1550,PI,944,,,50.00,,,,JFK,UCA,191.00,,,1.00,,0.00,,,,,
1988,1,10,7,1503,1500,1602,1550,PI,944,,59.00,50.00,,12.00,3.00,JFK,UCA,191.00,,,0.00,,0.00,,,,,
1988,1,11,1,1459,1500,1554,1550,PI,944,,55.00,50.00,,4.00,-1.00,JFK,UCA,191.00,,,0.00,,0.00,,,,,
1988,1,12,2,1515,1500,1617,1550,PI,944,,62.00,50.00,,27.00,15.00,JFK,UCA,191.00,,,0.00,,0.00,,,,,
1988,1,13,3,1501,1500,1553,1550,PI,944,,52.00,50.00,,3.00,1.00,JFK,UCA,191.00,,,0.00,,0.00,,,,,
1988,1,14,4,1501,1500,1559,1550,PI,944,,58.00,50.00,,9.00,1.00,JFK,UCA,191.00,,,0.00,,0.00,,,,,
1988,1,15,5,1500,1500,1554,1550,PI,944,,54.00,50.00,,4.00,0.00,JFK,UCA,191.00,,,0.00,,0.00,,,,,
1988,1,16,6,1500,1500,1600,1550,PI,944,,60.00,50.00,,10.00,0.00,JFK,UCA,191.00,,,0.00,,0.00,,,,,
1988,1,17,7,1500,1500,1549,1550,PI,944,,49.00,50.00,,-1.00,0.00,JFK,UCA,191.00,,,0.00,,0.00,,,,,
1988,1,18,1,1459,1500,1603,1550,PI,944,,64.00,50.00,,13.00,-1.00,JFK,UCA,191.00,,,0.00,,0.00,,,,,
1988,1,19,2,1500,1500,1553,1550,PI,944,,53.00,50.00,,3.00,0.00,JFK,UCA,191.00,,,0.00,,0.00,,,,,
1988,1,20,3,1457,1500,1552,1550,PI,944,,55.00,50.00,,2.00,-3.00,JFK,UCA,191.00,,,0.00,,0.00,,,,,
1988,1,21,4,1458,1500,1558,1550,PI,944,,60.00,50.00,,8.00,-2.00,JFK,UCA,191.00,,,0.00,,0.00,,,,,
1988,1,22,5,1501,1500,1550,1550,PI,944,,49.00,50.00,,0.00,1.00,JFK,UCA,191.00,,,0.00,,0.00,,,,,
1988,1,23,6,1459,1500,1554,1550,PI,944,,55.00,50.00,,4.00,-1.00,JFK,UCA,191.00,,,0.00,,0.00,,,,,
1988,1,24,7,1501,1500,1547,1550,PI,944,,46.00,50.00,,-3.00,1.00,JFK,UCA,191.00,,,0.00,,0.00,,,,,
1988,1,25,1,1501,1500,1552,1550,PI,944,,51.00,50.00,,2.00,1.00,JFK,UCA,191.00,,,0.00,,0.00,,,,,
1988,1,26,2,1524,1500,1612,1550,PI,944,,48.00,50.00,,22.00,24.00,JFK,UCA,191.00,,,0.00,,0.00,,,,,
1988,1,27,3,1457,1500,1559,1550,PI,944,,62.00,50.00,,9.00,-3.00,JFK,UCA,191.00,,,0.00,,0.00,,,,,
1988,1,28,4,1457,1500,1554,1550,PI,944,,57.00,50.00,,4.00,-3.00,JFK,UCA,191.00,,,0.00,,0.00,,,,,
1988,1,29,5,1457,1500,1602,1550,PI,944,,65.00,50.00,,12.00,-3.00,JFK,UCA,191.00,,,0.00,,0.00,,,,,
1988,1,30,6,1500,1500,1558,1550,PI,944,,58.00,50.00,,8.00,0.00,JFK,UCA,191.00,,,0.00,,0.00,,,,,
1988,1,31,7,1458,1500,1557,1550,PI,944,,59.00,50.00,,7.00,-2.00,JFK,UCA,191.00,,,0.00,,0.00,,,,,
1988,1,1,5,1702,1705,1802,1810,PI,944,,60.00,65.00,,-8.00,-3.00,SYR,BOS,264.00,,,0.00,,0.00,,,,,
1988,1,3,7,1730,1705,1838,1810,PI,944,,68.00,65.00,,28.00,25.00,SYR,BOS,264.00,,,0.00,,0.00,,,,,
1988,1,4,1,1832,1705,1933,1810,PI,944,,61.00,65.00,,83.00,87.00,SYR,BOS,264.00,,,0.00,,0.00,,,,,
1988,1,5,2,1745,1705,1841,1810,PI,944,,56.00,65.00,,31.00,40.00,SYR,BOS,264.00,,,0.00,,0.00,,,,,
1988,1,6,3,1719,1705,1828,1810,PI,944,,69.00,65.00,,18.00,14.00,SYR,BOS,264.00,,,0.00,,0.00,,,,,
1988,1,7,4,1722,1705,1820,1810,PI,944,,58.00,65.00,,10.00,17.00,SYR,BOS,264.00,,,0.00,,0.00,,,,,
1988,1,8,5,1947,1705,2110,1810,PI,944,,83.00,65.00,,180.00,162.00,SYR,BOS,264.00,,,0.00,,0.00,,,,,
1988,1,9,6,1728,1705,1819,1810,PI,944,,51.00,65.00,,9.00,23.00,SYR,BOS,264.00,,,0.00,,0.00,,,,,
1988,1,10,7,1720,1705,1824,1810,PI,944,,64.00,65.00,,14.00,15.00,SYR,BOS,264.00,,,0.00,,0.00,,,,,
1988,1,11,1,1719,1705,1819,1810,PI,944,,60.00,65.00,,9.00,14.00,SYR,BOS,264.00,,,0.00,,0.00,,,,,
1988,1,12,2,1711,1705,1826,1810,PI,944,,75.00,65.00,,16.00,6.00,SYR,BOS,264.00,,,0.00,,0.00,,,,,
1988,1,13,3,1709,1705,1822,1810,PI,944,,73.00,65.00,,12.00,4.00,SYR,BOS,264.00,,,0.00,,0.00,,,,,
1988,1,14,4,1710,1705,1816,1810,PI,944,,66.00,65.00,,6.00,5.00,SYR,BOS,264.00,,,0.00,,0.00,,,,,
1988,1,15,5,1721,1705,1828,1810,PI,944,,67.00,65.00,,18.00,16.00,SYR,BOS,264.00,,,0.00,,0.00,,,,,
1988,1,16,6,1705,1705,1815,1810,PI,944,,70.00,65.00,,5.00,0.00,SYR,BOS,264.00,,,0.00,,0.00,,,,,
1988,1,17,7,1706,1705,1802,1810,PI,944,,56.00,65.00,,-8.00,1.00,SYR,BOS,264.00,,,0.00,,0.00,,,,,
1988,1,18,1,1745,1705,1846,1810,PI,944,,61.00,65.00,,36.00,40.00,SYR,BOS,264.00,,,0.00,,0.00,,,,,
1988,1,19,2,1714,1705,1825,1810,PI,944,,71.00,65.00,,15.00,9.00,SYR,BOS,264.00,,,0.00,,0.00,,,,,
1988,1,20,3,1750,1705,1900,1810,PI,944,,70.00,65.00,,50.00,45.00,SYR,BOS,264.00,,,0.00,,0.00,,,,,
1988,1,21,4,1747,1705,1842,1810,PI,944,,55.00,65.00,,32.00,42.00,SYR,BOS,264.00,,,0.00,,0.00,,,,,
1988,1,22,5,1710,1705,1812,1810,PI,944,,62.00,65.00,,2.00,5.00,SYR,BOS,264.00,,,0.00,,0.00,,,,,
1988,1,23,6,1705,1705,1756,1810,PI,944,,51.00,65.00,,-14.00,0.00,SYR,BOS,264.00,,,0.00,,0.00,,,,,
1988,1,24,7,1705,1705,1803,1810,PI,944,,58.00,65.00,,-7.00,0.00,SYR,BOS,264.00,,,0.00,,0.00,,,,,
1988,1,25,1,1718,1705,1834,1810,PI,944,,76.00,65.00,,24.00,13.00,SYR,BOS,264.00,,,0.00,,0.00,,,,,
1988,1,26,2,1809,1705,1910,1810,PI,944,,61.00,65.00,,60.00,64.00,SYR,BOS,264.00,,,0.00,,0.00,,,,,
1988,1,27,3,1718,1705,1837,1810,PI,944,,79.00,65.00,,27.00,13.00,SYR,BOS,264.00,,,0.00,,0.00,,,,,
1988,1,28,4,1720,1705,1826,1810,PI,944,,66.00,65.00,,16.00,15.00,SYR,BOS,264.00,,,0.00,,0.00,,,,,
1988,1,29,5,1705,1705,1808,1810,PI,944,,63.00,65.00,,-2.00,0.00,SYR,BOS,264.00,,,0.00,,0.00,,,,,
1988,1,30,6,1705,1705,1755,1810,PI,944,,50.00,65.00,,-15.00,0.00,SYR,BOS,264.00,,,0.00,,0.00,,,,,
1988,1,31,7,1701,1705,1758,1810,PI,944,,57.00,65.00,,-12.00,-4.00,SYR,BOS,264.00,,,0.00,,0.00,,,,,
1988,1,1,5,1609,1610,1625,1630,PI,944,,16.00,20.00,,-5.00,-1.00,UCA,SYR,37.00,,,0.00,,0.00,,,,,
1988,1,2,6,1613,1610,1630,1630,PI,944,,17.00,20.00,,0.00,3.00,UCA,SYR,37.00,,,0.00,,0.00,,,,,
1988,1,3,7,1607,1610,1634,1630,PI,944,,27.00,20.00,,4.00,-3.00,UCA,SYR,37.00,,,0.00,,0.00,,,,,
1988,1,4,1,1739,1610,1758,1630,PI,944,,19.00,20.00,,88.00,89.00,UCA,SYR,37.00,,,0.00,,0.00,,,,,
1988,1,5,2,1619,1610,1647,1630,PI,944,,28.00,20.00,,17.00,9.00,UCA,SYR,37.00,,,0.00,,0.00,,,,,
1988,1,6,3,1610,1610,1631,1630,PI,944,,21.00,20.00,,1.00,0.00,UCA,SYR,37.00,,,0.00,,0.00,,,,,
1988,1,7,4,1618,1610,1640,1630,PI,944,,22.00,20.00,,10.00,8.00,UCA,SYR,37.00,,,0.00,,0.00,,,,,
1988,1,8,5,,1610,,1630,PI,944,,,20.00,,,,UCA,SYR,37.00,,,1.00,,0.00,,,,,
1988,1,10,7,1616,1610,1632,1630,PI,944,,16.00,20.00,,2.00,6.00,UCA,SYR,37.00,,,0.00,,0.00,,,,,
1988,1,11,1,1614,1610,1637,1630,PI,944,,23.00,20.00,,7.00,4.00,UCA,SYR,37.00,,,0.00,,0.00,,,,,
1988,1,12,2,1629,1610,1648,1630,PI,944,,19.00,20.00,,18.00,19.00,UCA,SYR,37.00,,,0.00,,0.00,,,,,
1988,1,13,3,1615,1610,1642,1630,PI,944,,27.00,20.00,,12.00,5.00,UCA,SYR,37.00,,,0.00,,0.00,,,,,
1988,1,14,4,1615,1610,1633,1630,PI,944,,18.00,20.00,,3.00,5.00,UCA,SYR,37.00,,,0.00,,0.00,,,,,
1988,1,15,5,1609,1610,1640,1630,PI,944,,31.00,20.00,,10.00,-1.00,UCA,SYR,37.00,,,0.00,,0.00,,,,,
1988,1,16,6,1610,1610,1639,1630,PI,944,,29.00,20.00,,9.00,0.00,UCA,SYR,37.00,,,0.00,,0.00,,,,,
1988,1,17,7,1610,1610,1635,1630,PI,944,,25.00,20.00,,5.00,0.00,UCA,SYR,37.00,,,0.00,,0.00,,,,,
1988,1,18,1,1623,1610,1707,1630,PI,944,,44.00,20.00,,37.00,13.00,UCA,SYR,37.00,,,0.00,,0.00,,,,,
1988,1,19,2,1610,1610,1636,1630,PI,944,,26.00,20.00,,6.00,0.00,UCA,SYR,37.00,,,0.00,,0.00,,,,,
1988,1,20,3,1608,1610,1631,1630,PI,944,,23.00,20.00,,1.00,-2.00,UCA,SYR,37.00,,,0.00,,0.00,,,,,
1988,1,21,4,1615,1610,1659,1630,PI,944,,44.00,20.00,,29.00,5.00,UCA,SYR,37.00,,,0.00,,0.00,,,,,
1988,1,22,5,1611,1610,1633,1630,PI,944,,22.00,20.00,,3.00,1.00,UCA,SYR,37.00,,,0.00,,0.00,,,,,
1988,1,23,6,1608,1610,1625,1630,PI,944,,17.00,20.00,,-5.00,-2.00,UCA,SYR,37.00,,,0.00,,0.00,,,,,
1988,1,24,7,1610,1610,1629,1630,PI,944,,19.00,20.00,,-1.00,0.00,UCA,SYR,37.00,,,0.00,,0.00,,,,,
1988,1,25,1,1609,1610,1625,1630,PI,944,,16.00,20.00,,-5.00,-1.00,UCA,SYR,37.00,,,0.00,,0.00,,,,,
1988,1,26,2,1628,1610,1657,1630,PI,944,,29.00,20.00,,27.00,18.00,UCA,SYR,37.00,,,0.00,,0.00,,,,,
1988,1,27,3,1618,1610,1649,1630,PI,944,,31.00,20.00,,19.00,8.00,UCA,SYR,37.00,,,0.00,,0.00,,,,,
1988,1,28,4,1610,1610,1630,1630,PI,944,,20.00,20.00,,0.00,0.00,UCA,SYR,37.00,,,0.00,,0.00,,,,,
1988,1,29,5,1617,1610,1641,1630,PI,944,,24.00,20.00,,11.00,7.00,UCA,SYR,37.00,,,0.00,,0.00,,,,,
1988,1,30,6,1610,1610,1627,1630,PI,944,,17.00,20.00,,-3.00,0.00,UCA,SYR,37.00,,,0.00,,0.00,,,,,
1988,1,31,7,1612,1610,1630,1630,PI,944,,18.00,20.00,,0.00,2.00,UCA,SYR,37.00,,,0.00,,0.00,,,,,
1988,1,2,6,2048,2031,2157,2142,PI,945,,69.00,71.00,,15.00,17.00,SYR,DCA,298.00,,,0.00,,0.00,,,,,
1988,1,3,7,2040,2031,2215,2142,PI,945,,95.00,71.00,,33.00,9.00,SYR,DCA,298.00,,,0.00,,0.00,,,,,
1988,1,4,1,2053,2031,2203,2142,PI,945,,70.00,71.00,,21.00,22.00,SYR,DCA,298.00,,,0.00,,0.00,,,,,
1988,1,5,2,2034,2031,2152,2142,PI,945,,78.00,71.00,,10.00,3.00,SYR,DCA,298.00,,,0.00,,0.00,,,,,
1988,1,6,3,2034,2031,2142,2142,PI,945,,68.00,71.00,,0.00,3.00,SYR,DCA,298.00,,,0.00,,0.00,,,,,
1988,1,7,4,2033,2031,2148,2142,PI,945,,75.00,71.00,,6.00,2.00,SYR,DCA,298.00,,,0.00,,0.00,,,,,
1988,1,8,5,,2031,,2142,PI,945,,,71.00,,,,SYR,DCA,298.00,,,1.00,,0.00,,,,,
1988,1,10,7,2034,2031,2142,2142,PI,945,,68.00,71.00,,0.00,3.00,SYR,DCA,298.00,,,0.00,,0.00,,,,,
1988,1,11,1,2030,2031,2141,2142,PI,945,,71.00,71.00,,-1.00,-1.00,SYR,DCA,298.00,,,0.00,,0.00,,,,,
1988,1,12,2,2036,2031,2147,2142,PI,945,,71.00,71.00,,5.00,5.00,SYR,DCA,298.00,,,0.00,,0.00,,,,,
1988,1,13,3,2035,2031,2146,2142,PI,945,,71.00,71.00,,4.00,4.00,SYR,DCA,298.00,,,0.00,,0.00,,,,,
1988,1,14,4,2036,2031,2138,2142,PI,945,,62.00,71.00,,-4.00,5.00,SYR,DCA,298.00,,,0.00,,0.00,,,,,
1988,1,15,5,2030,2031,2131,2142,PI,945,,61.00,71.00,,-11.00,-1.00,SYR,DCA,298.00,,,0.00,,0.00,,,,,
1988,1,17,7,2034,2031,2147,2142,PI,945,,73.00,71.00,,5.00,3.00,SYR,DCA,298.00,,,0.00,,0.00,,,,,
1988,1,18,1,2058,2031,2207,2142,PI,945,,69.00,71.00,,25.00,27.00,SYR,DCA,298.00,,,0.00,,0.00,,,,,
1988,1,19,2,2030,2031,2142,2142,PI,945,,72.00,71.00,,0.00,-1.00,SYR,DCA,298.00,,,0.00,,0.00,,,,,
1988,1,20,3,2031,2031,2150,2142,PI,945,,79.00,71.00,,8.00,0.00,SYR,DCA,298.00,,,0.00,,0.00,,,,,
1988,1,21,4,2035,2031,2152,2142,PI,945,,77.00,71.00,,10.00,4.00,SYR,DCA,298.00,,,0.00,,0.00,,,,,
1988,1,22,5,2026,2031,2135,2142,PI,945,,69.00,71.00,,-7.00,-5.00,SYR,DCA,298.00,,,0.00,,0.00,,,,,
1988,1,24,7,2039,2031,2153,2142,PI,945,,74.00,71.00,,11.00,8.00,SYR,DCA,298.00,,,0.00,,0.00,,,,,
1988,1,25,1,2032,2031,2153,2142,PI,945,,81.00,71.00,,11.00,1.00,SYR,DCA,298.00,,,0.00,,0.00,,,,,
1988,1,26,2,2039,2031,2147,2142,PI,945,,68.00,71.00,,5.00,8.00,SYR,DCA,298.00,,,0.00,,0.00,,,,,
1988,1,27,3,2029,2031,2149,2142,PI,945,,80.00,71.00,,7.00,-2.00,SYR,DCA,298.00,,,0.00,,0.00,,,,,
1988,1,28,4,2033,2031,2131,2142,PI,945,,58.00,71.00,,-11.00,2.00,SYR,DCA,298.00,,,0.00,,0.00,,,,,
1988,1,29,5,2032,2031,2137,2142,PI,945,,65.00,71.00,,-5.00,1.00,SYR,DCA,298.00,,,0.00,,0.00,,,,,
1988,1,31,7,2031,2031,2141,2142,PI,945,,70.00,71.00,,-1.00,0.00,SYR,DCA,298.00,,,0.00,,0.00,,,,,
1988,1,2,6,1911,1910,2021,2016,PI,948,,70.00,66.00,,5.00,1.00,CHO,LGA,305.00,,,0.00,,0.00,,,,,
1988,1,3,7,2026,1910,2143,2016,PI,948,,77.00,66.00,,87.00,76.00,CHO,LGA,305.00,,,0.00,,0.00,,,,,
1988,1,4,1,2018,1910,2119,2016,PI,948,,61.00,66.00,,63.00,68.00,CHO,LGA,305.00,,,0.00,,0.00,,,,,
1988,1,5,2,1921,1910,2018,2016,PI,948,,57.00,66.00,,2.00,11.00,CHO,LGA,305.00,,,0.00,,0.00,,,,,
1988,1,6,3,1924,1910,2025,2016,PI,948,,61.00,66.00,,9.00,14.00,CHO,LGA,305.00,,,0.00,,0.00,,,,,
1988,1,7,4,,1910,,2016,PI,948,,,66.00,,,,CHO,LGA,305.00,,,1.00,,0.00,,,,,
1988,1,8,5,2049,1910,2148,2016,PI,948,,59.00,66.00,,92.00,99.00,CHO,LGA,305.00,,,0.00,,0.00,,,,,
1988,1,10,7,1921,1910,2019,2016,PI,948,,58.00,66.00,,3.00,11.00,CHO,LGA,305.00,,,0.00,,0.00,,,,,
1988,1,11,1,,1910,,2016,PI,948,,,66.00,,,,CHO,LGA,305.00,,,1.00,,0.00,,,,,
1988,1,12,2,1933,1910,2038,2016,PI,948,,65.00,66.00,,22.00,23.00,CHO,LGA,305.00,,,0.00,,0.00,,,,,
1988,1,13,3,1926,1910,2047,2016,PI,948,,81.00,66.00,,31.00,16.00,CHO,LGA,305.00,,,0.00,,0.00,,,,,
1988,1,14,4,1920,1910,2015,2016,PI,948,,55.00,66.00,,-1.00,10.00,CHO,LGA,305.00,,,0.00,,0.00,,,,,
1988,1,15,5,1917,1910,2015,2016,PI,948,,58.00,66.00,,-1.00,7.00,CHO,LGA,305.00,,,0.00,,0.00,,,,,
1988,1,17,7,1938,1910,2035,2016,PI,948,,57.00,66.00,,19.00,28.00,CHO,LGA,305.00,,,0.00,,0.00,,,,,
1988,1,18,1,2012,1910,2108,2016,PI,948,,56.00,66.00,,52.00,62.00,CHO,LGA,305.00,,,0.00,,0.00,,,,,
1988,1,19,2,1943,1910,2041,2016,PI,948,,58.00,66.00,,25.00,33.00,CHO,LGA,305.00,,,0.00,,0.00,,,,,
1988,1,20,3,,1910,,2016,PI,948,,,66.00,,,,CHO,LGA,305.00,,,1.00,,0.00,,,,,
1988,1,21,4,1910,1910,2009,2016,PI,948,,59.00,66.00,,-7.00,0.00,CHO,LGA,305.00,,,0.00,,0.00,,,,,
1988,1,22,5,1915,1910,2013,2016,PI,948,,58.00,66.00,,-3.00,5.00,CHO,LGA,305.00,,,0.00,,0.00,,,,,
1988,1,24,7,,1910,,2016,PI,948,,,66.00,,,,CHO,LGA,305.00,,,1.00,,0.00,,,,,
1988,1,25,1,1937,1910,2142,2016,PI,948,,125.00,66.00,,86.00,27.00,CHO,LGA,305.00,,,0.00,,0.00,,,,,
1988,1,26,2,1909,1910,2005,2016,PI,948,,56.00,66.00,,-11.00,-1.00,CHO,LGA,305.00,,,0.00,,0.00,,,,,
1988,1,27,3,1909,1910,2016,2016,PI,948,,67.00,66.00,,0.00,-1.00,CHO,LGA,305.00,,,0.00,,0.00,,,,,
1988,1,28,4,1934,1910,2035,2016,PI,948,,61.00,66.00,,19.00,24.00,CHO,LGA,305.00,,,0.00,,0.00,,,,,
1988,1,29,5,1917,1910,2030,2016,PI,948,,73.00,66.00,,14.00,7.00,CHO,LGA,305.00,,,0.00,,0.00,,,,,
1988,1,31,7,1917,1910,2019,2016,PI,948,,62.00,66.00,,3.00,7.00,CHO,LGA,305.00,,,0.00,,0.00,,,,,
1988,1,2,6,1737,1728,1814,1813,PI,948,,37.00,45.00,,1.00,9.00,CLT,LYH,175.00,,,0.00,,0.00,,,,,
1988,1,3,7,1805,1728,1905,1813,PI,948,,60.00,45.00,,52.00,37.00,CLT,LYH,175.00,,,0.00,,0.00,,,,,
1988,1,4,1,1826,1728,1905,1813,PI,948,,39.00,45.00,,52.00,58.00,CLT,LYH,175.00,,,0.00,,0.00,,,,,
1988,1,5,2,1756,1728,1833,1813,PI,948,,37.00,45.00,,20.00,28.00,CLT,LYH,175.00,,,0.00,,0.00,,,,,
1988,1,6,3,1740,1728,1826,1813,PI,948,,46.00,45.00,,13.00,12.00,CLT,LYH,175.00,,,0.00,,0.00,,,,,
1988,1,7,4,,1728,,1813,PI,948,,,45.00,,,,CLT,LYH,175.00,,,1.00,,0.00,,,,,
1988,1,8,5,1908,1728,1954,1813,PI,948,,46.00,45.00,,101.00,100.00,CLT,LYH,175.00,,,0.00,,0.00,,,,,
1988,1,10,7,1747,1728,1832,1813,PI,948,,45.00,45.00,,19.00,19.00,CLT,LYH,175.00,,,0.00,,0.00,,,,,
1988,1,11,1,,1728,,1813,PI,948,,,45.00,,,,CLT,LYH,175.00,,,1.00,,0.00,,,,,
1988,1,12,2,1800,1728,1846,1813,PI,948,,46.00,45.00,,33.00,32.00,CLT,LYH,175.00,,,0.00,,0.00,,,,,
1988,1,13,3,1741,1728,1840,1813,PI,948,,59.00,45.00,,27.00,13.00,CLT,LYH,175.00,,,0.00,,0.00,,,,,
1988,1,14,4,1742,1728,1832,1813,PI,948,,50.00,45.00,,19.00,14.00,CLT,LYH,175.00,,,0.00,,0.00,,,,,
1988,1,15,5,1741,1728,1827,1813,PI,948,,46.00,45.00,,14.00,13.00,CLT,LYH,175.00,,,0.00,,0.00,,,,,
1988,1,17,7,1752,1728,1835,1813,PI,948,,43.00,45.00,,22.00,24.00,CLT,LYH,175.00,,,0.00,,0.00,,,,,
1988,1,18,1,,1728,,1813,PI,948,,,45.00,,,,CLT,LYH,175.00,,,1.00,,0.00,,,,,
1988,1,19,2,1754,1728,1850,1813,PI,948,,56.00,45.00,,37.00,26.00,CLT,LYH,175.00,,,0.00,,0.00,,,,,
1988,1,20,3,1756,1728,1838,1813,PI,948,,42.00,45.00,,25.00,28.00,CLT,LYH,175.00,,,0.00,,0.00,,,,,
1988,1,21,4,1732,1728,1813,1813,PI,948,,41.00,45.00,,0.00,4.00,CLT,LYH,175.00,,,0.00,,0.00,,,,,
1988,1,22,5,1731,1728,1819,1813,PI,948,,48.00,45.00,,6.00,3.00,CLT,LYH,175.00,,,0.00,,0.00,,,,,
1988,1,24,7,1737,1728,1824,1813,PI,948,,47.00,45.00,,11.00,9.00,CLT,LYH,175.00,,,0.00,,0.00,,,,,
1988,1,25,1,1805,1728,1843,1813,PI,948,,38.00,45.00,,30.00,37.00,CLT,LYH,175.00,,,0.00,,0.00,,,,,
1988,1,26,2,1730,1728,1812,1813,PI,948,,42.00,45.00,,-1.00,2.00,CLT,LYH,175.00,,,0.00,,0.00,,,,,
1988,1,27,3,1729,1728,1819,1813,PI,948,,50.00,45.00,,6.00,1.00,CLT,LYH,175.00,,,0.00,,0.00,,,,,
1988,1,28,4,1735,1728,1829,1813,PI,948,,54.00,45.00,,16.00,7.00,CLT,LYH,175.00,,,0.00,,0.00,,,,,
1988,1,29,5,1735,1728,1823,1813,PI,948,,48.00,45.00,,10.00,7.00,CLT,LYH,175.00,,,0.00,,0.00,,,,,
1988,1,31,7,1731,1728,1813,1813,PI,948,,42.00,45.00,,0.00,3.00,CLT,LYH,175.00,,,0.00,,0.00,,,,,
1988,1,2,6,1413,1410,1525,1530,PI,948,,72.00,80.00,,-5.00,3.00,EWR,ROA,389.00,,,0.00,,0.00,,,,,
1988,1,3,7,1423,1410,1552,1530,PI,948,,89.00,80.00,,22.00,13.00,EWR,ROA,389.00,,,0.00,,0.00,,,,,
1988,1,4,1,1449,1410,1622,1530,PI,948,,93.00,80.00,,52.00,39.00,EWR,ROA,389.00,,,0.00,,0.00,,,,,
1988,1,5,2,1412,1410,1554,1530,PI,948,,102.00,80.00,,24.00,2.00,EWR,ROA,389.00,,,0.00,,0.00,,,,,
1988,1,6,3,1410,1410,1541,1530,PI,948,,91.00,80.00,,11.00,0.00,EWR,ROA,389.00,,,0.00,,0.00,,,,,
1988,1,7,4,,1410,,1530,PI,948,,,80.00,,,,EWR,ROA,389.00,,,1.00,,0.00,,,,,
1988,1,8,5,,1410,,1530,PI,948,,,80.00,,,,EWR,ROA,389.00,,,1.00,,0.00,,,,,
1988,1,10,7,1409,1410,1534,1530,PI,948,,85.00,80.00,,4.00,-1.00,EWR,ROA,389.00,,,0.00,,0.00,,,,,
1988,1,11,1,,1410,,1530,PI,948,,,80.00,,,,EWR,ROA,389.00,,,1.00,,0.00,,,,,
1988,1,12,2,1418,1410,1543,1530,PI,948,,85.00,80.00,,13.00,8.00,EWR,ROA,389.00,,,0.00,,0.00,,,,,
1988,1,13,3,,1410,,1530,PI,948,,,80.00,,,,EWR,ROA,389.00,,,1.00,,0.00,,,,,
1988,1,14,4,1410,1410,1532,1530,PI,948,,82.00,80.00,,2.00,0.00,EWR,ROA,389.00,,,0.00,,0.00,,,,,
1988,1,15,5,1407,1410,1527,1530,PI,948,,80.00,80.00,,-3.00,-3.00,EWR,ROA,389.00,,,0.00,,0.00,,,,,
1988,1,17,7,1409,1410,1529,1530,PI,948,,80.00,80.00,,-1.00,-1.00,EWR,ROA,389.00,,,0.00,,0.00,,,,,
1988,1,18,1,1516,1410,1633,1530,PI,948,,77.00,80.00,,63.00,66.00,EWR,ROA,389.00,,,0.00,,0.00,,,,,
1988,1,19,2,1408,1410,1601,1530,PI,948,,113.00,80.00,,31.00,-2.00,EWR,ROA,389.00,,,0.00,,0.00,,,,,
1988,1,20,3,,1410,,1530,PI,948,,,80.00,,,,EWR,ROA,389.00,,,1.00,,0.00,,,,,
1988,1,21,4,1410,1410,1545,1530,PI,948,,95.00,80.00,,15.00,0.00,EWR,ROA,389.00,,,0.00,,0.00,,,,,
1988,1,22,5,1409,1410,1531,1530,PI,948,,82.00,80.00,,1.00,-1.00,EWR,ROA,389.00,,,0.00,,0.00,,,,,
1988,1,24,7,1412,1410,1543,1530,PI,948,,91.00,80.00,,13.00,2.00,EWR,ROA,389.00,,,0.00,,0.00,,,,,
1988,1,25,1,1409,1410,1600,1530,PI,948,,111.00,80.00,,30.00,-1.00,EWR,ROA,389.00,,,0.00,,0.00,,,,,
1988,1,26,2,1409,1410,1547,1530,PI,948,,98.00,80.00,,17.00,-1.00,EWR,ROA,389.00,,,0.00,,0.00,,,,,
1988,1,27,3,1407,1410,1524,1530,PI,948,,77.00,80.00,,-6.00,-3.00,EWR,ROA,389.00,,,0.00,,0.00,,,,,
1988,1,28,4,1410,1410,1521,1530,PI,948,,71.00,80.00,,-9.00,0.00,EWR,ROA,389.00,,,0.00,,0.00,,,,,
1988,1,29,5,1406,1410,1519,1530,PI,948,,73.00,80.00,,-11.00,-4.00,EWR,ROA,389.00,,,0.00,,0.00,,,,,
1988,1,31,7,1408,1410,1524,1530,PI,948,,76.00,80.00,,-6.00,-2.00,EWR,ROA,389.00,,,0.00,,0.00,,,,,
1988,1,2,6,1830,1826,1852,1851,PI,948,,22.00,25.00,,1.00,4.00,LYH,CHO,70.00,,,0.00,,0.00,,,,,
1988,1,3,7,1929,1826,1955,1851,PI,948,,26.00,25.00,,64.00,63.00,LYH,CHO,70.00,,,0.00,,0.00,,,,,
1988,1,4,1,1941,1826,2005,1851,PI,948,,24.00,25.00,,74.00,75.00,LYH,CHO,70.00,,,0.00,,0.00,,,,,
1988,1,5,2,1847,1826,1910,1851,PI,948,,23.00,25.00,,19.00,21.00,LYH,CHO,70.00,,,0.00,,0.00,,,,,
1988,1,6,3,1850,1826,1911,1851,PI,948,,21.00,25.00,,20.00,24.00,LYH,CHO,70.00,,,0.00,,0.00,,,,,
1988,1,7,4,,1826,,1851,PI,948,,,25.00,,,,LYH,CHO,70.00,,,1.00,,0.00,,,,,
1988,1,8,5,2015,1826,2038,1851,PI,948,,23.00,25.00,,107.00,109.00,LYH,CHO,70.00,,,0.00,,0.00,,,,,
1988,1,10,7,1848,1826,1909,1851,PI,948,,21.00,25.00,,18.00,22.00,LYH,CHO,70.00,,,0.00,,0.00,,,,,
1988,1,11,1,,1826,,1851,PI,948,,,25.00,,,,LYH,CHO,70.00,,,1.00,,0.00,,,,,
1988,1,12,2,1901,1826,1919,1851,PI,948,,18.00,25.00,,28.00,35.00,LYH,CHO,70.00,,,0.00,,0.00,,,,,
1988,1,13,3,1847,1826,1912,1851,PI,948,,25.00,25.00,,21.00,21.00,LYH,CHO,70.00,,,0.00,,0.00,,,,,
1988,1,14,4,1850,1826,1908,1851,PI,948,,18.00,25.00,,17.00,24.00,LYH,CHO,70.00,,,0.00,,0.00,,,,,
1988,1,15,5,1842,1826,1908,1851,PI,948,,26.00,25.00,,17.00,16.00,LYH,CHO,70.00,,,0.00,,0.00,,,,,
1988,1,17,7,1854,1826,1920,1851,PI,948,,26.00,25.00,,29.00,28.00,LYH,CHO,70.00,,,0.00,,0.00,,,,,
1988,1,18,1,,1826,,1851,PI,948,,,25.00,,,,LYH,CHO,70.00,,,1.00,,0.00,,,,,
1988,1,19,2,1909,1826,1928,1851,PI,948,,19.00,25.00,,37.00,43.00,LYH,CHO,70.00,,,0.00,,0.00,,,,,
1988,1,20,3,,1826,,1851,PI,948,,,25.00,,,,LYH,CHO,70.00,,,1.00,,0.00,,,,,
1988,1,21,4,1826,1826,1846,1851,PI,948,,20.00,25.00,,-5.00,0.00,LYH,CHO,70.00,,,0.00,,0.00,,,,,
1988,1,22,5,1833,1826,1856,1851,PI,948,,23.00,25.00,,5.00,7.00,LYH,CHO,70.00,,,0.00,,0.00,,,,,
1988,1,24,7,1849,1826,,1851,PI,948,,,25.00,,,23.00,LYH,CHO,70.00,,,0.00,,1.00,,,,,
1988,1,25,1,1859,1826,1923,1851,PI,948,,24.00,25.00,,32.00,33.00,LYH,CHO,70.00,,,0.00,,0.00,,,,,
1988,1,26,2,1826,1826,1848,1851,PI,948,,22.00,25.00,,-3.00,0.00,LYH,CHO,70.00,,,0.00,,0.00,,,,,
1988,1,27,3,1835,1826,1855,1851,PI,948,,20.00,25.00,,4.00,9.00,LYH,CHO,70.00,,,0.00,,0.00,,,,,
1988,1,28,4,1844,1826,1911,1851,PI,948,,27.00,25.00,,20.00,18.00,LYH,CHO,70.00,,,0.00,,0.00,,,,,
1988,1,29,5,1838,1826,1903,1851,PI,948,,25.00,25.00,,12.00,12.00,LYH,CHO,70.00,,,0.00,,0.00,,,,,
1988,1,31,7,1832,1826,1858,1851,PI,948,,26.00,25.00,,7.00,6.00,LYH,CHO,70.00,,,0.00,,0.00,,,,,
1988,1,1,5,1605,1600,1700,1642,PI,948,,55.00,42.00,,18.00,5.00,ROA,CLT,155.00,,,0.00,,0.00,,,,,
1988,1,2,6,1600,1600,1641,1642,PI,948,,41.00,42.00,,-1.00,0.00,ROA,CLT,155.00,,,0.00,,0.00,,,,,
1988,1,3,7,1620,1600,1714,1642,PI,948,,54.00,42.00,,32.00,20.00,ROA,CLT,155.00,,,0.00,,0.00,,,,,
1988,1,4,1,1643,1600,1725,1642,PI,948,,42.00,42.00,,43.00,43.00,ROA,CLT,155.00,,,0.00,,0.00,,,,,
1988,1,5,2,1613,1600,1707,1642,PI,948,,54.00,42.00,,25.00,13.00,ROA,CLT,155.00,,,0.00,,0.00,,,,,
1988,1,6,3,1602,1600,1701,1642,PI,948,,59.00,42.00,,19.00,2.00,ROA,CLT,155.00,,,0.00,,0.00,,,,,
1988,1,7,4,,1600,,1642,PI,948,,,42.00,,,,ROA,CLT,155.00,,,1.00,,0.00,,,,,
1988,1,8,5,1607,1600,1746,1642,PI,948,,99.00,42.00,,64.00,7.00,ROA,CLT,155.00,,,0.00,,0.00,,,,,
1988,1,9,6,1649,1600,1746,1642,PI,948,,57.00,42.00,,64.00,49.00,ROA,CLT,155.00,,,0.00,,0.00,,,,,
1988,1,10,7,1600,1600,1657,1642,PI,948,,57.00,42.00,,15.00,0.00,ROA,CLT,155.00,,,0.00,,0.00,,,,,
1988,1,11,1,,1600,,1642,PI,948,,,42.00,,,,ROA,CLT,155.00,,,1.00,,0.00,,,,,
1988,1,12,2,1609,1600,1729,1642,PI,948,,80.00,42.00,,47.00,9.00,ROA,CLT,155.00,,,0.00,,0.00,,,,,
1988,1,13,3,1601,1600,1700,1642,PI,948,,59.00,42.00,,18.00,1.00,ROA,CLT,155.00,,,0.00,,0.00,,,,,
1988,1,14,4,1559,1600,1655,1642,PI,948,,56.00,42.00,,13.00,-1.00,ROA,CLT,155.00,,,0.00,,0.00,,,,,
1988,1,15,5,1605,1600,1702,1642,PI,948,,57.00,42.00,,20.00,5.00,ROA,CLT,155.00,,,0.00,,0.00,,,,,
1988,1,16,6,1558,1600,1639,1642,PI,948,,41.00,42.00,,-3.00,-2.00,ROA,CLT,155.00,,,0.00,,0.00,,,,,
1988,1,17,7,1602,1600,1701,1642,PI,948,,59.00,42.00,,19.00,2.00,ROA,CLT,155.00,,,0.00,,0.00,,,,,
1988,1,18,1,,1600,,1642,PI,948,,,42.00,,,,ROA,CLT,155.00,,,1.00,,0.00,,,,,
1988,1,19,2,1623,1600,1711,1642,PI,948,,48.00,42.00,,29.00,23.00,ROA,CLT,155.00,,,0.00,,0.00,,,,,
1988,1,20,3,1605,1600,1704,1642,PI,948,,59.00,42.00,,22.00,5.00,ROA,CLT,155.00,,,0.00,,0.00,,,,,
1988,1,21,4,1605,1600,1651,1642,PI,948,,46.00,42.00,,9.00,5.00,ROA,CLT,155.00,,,0.00,,0.00,,,,,
1988,1,22,5,1600,1600,1653,1642,PI,948,,53.00,42.00,,11.00,0.00,ROA,CLT,155.00,,,0.00,,0.00,,,,,
1988,1,23,6,1558,1600,1641,1642,PI,948,,43.00,42.00,,-1.00,-2.00,ROA,CLT,155.00,,,0.00,,0.00,,,,,
1988,1,24,7,1600,1600,1647,1642,PI,948,,47.00,42.00,,5.00,0.00,ROA,CLT,155.00,,,0.00,,0.00,,,,,
1988,1,25,1,1615,1600,1705,1642,PI,948,,50.00,42.00,,23.00,15.00,ROA,CLT,155.00,,,0.00,,0.00,,,,,
1988,1,26,2,1603,1600,1648,1642,PI,948,,45.00,42.00,,6.00,3.00,ROA,CLT,155.00,,,0.00,,0.00,,,,,
1988,1,27,3,1558,1600,1649,1642,PI,948,,51.00,42.00,,7.00,-2.00,ROA,CLT,155.00,,,0.00,,0.00,,,,,
1988,1,28,4,1601,1600,1659,1642,PI,948,,58.00,42.00,,17.00,1.00,ROA,CLT,155.00,,,0.00,,0.00,,,,,
1988,1,29,5,1601,1600,1653,1642,PI,948,,52.00,42.00,,11.00,1.00,ROA,CLT,155.00,,,0.00,,0.00,,,,,
1988,1,30,6,1600,1600,1641,1642,PI,948,,41.00,42.00,,-1.00,0.00,ROA,CLT,155.00,,,0.00,,0.00,,,,,
1988,1,31,7,1601,1600,1643,1642,PI,948,,42.00,42.00,,1.00,1.00,ROA,CLT,155.00,,,0.00,,0.00,,,,,
1988,1,1,5,2058,2100,2212,2205,PI,949,,74.00,65.00,,7.00,-2.00,EWR,ORF,284.00,,,0.00,,0.00,,,,,
1988,1,9,6,2100,2100,2217,2205,PI,949,,77.00,65.00,,12.00,0.00,EWR,ORF,284.00,,,0.00,,0.00,,,,,
1988,1,16,6,2058,2100,2205,2205,PI,949,,67.00,65.00,,0.00,-2.00,EWR,ORF,284.00,,,0.00,,0.00,,,,,
1988,1,23,6,2101,2100,2201,2205,PI,949,,60.00,65.00,,-4.00,1.00,EWR,ORF,284.00,,,0.00,,0.00,,,,,
1988,1,30,6,2101,2100,2205,2205,PI,949,,64.00,65.00,,0.00,1.00,EWR,ORF,284.00,,,0.00,,0.00,,,,,
1988,1,1,5,2041,2041,2131,2141,PI,950,,50.00,60.00,,-10.00,0.00,BWI,BGM,212.00,,,0.00,,0.00,,,,,
1988,1,2,6,2043,2041,2136,2141,PI,950,,53.00,60.00,,-5.00,2.00,BWI,BGM,212.00,,,0.00,,0.00,,,,,
1988,1,3,7,2126,2041,2256,2141,PI,950,,90.00,60.00,,75.00,45.00,BWI,BGM,212.00,,,0.00,,0.00,,,,,
1988,1,4,1,2112,2041,2202,2141,PI,950,,50.00,60.00,,21.00,31.00,BWI,BGM,212.00,,,0.00,,0.00,,,,,
1988,1,5,2,2046,2041,2146,2141,PI,950,,60.00,60.00,,5.00,5.00,BWI,BGM,212.00,,,0.00,,0.00,,,,,
1988,1,6,3,2050,2052,2146,2152,PI,950,,56.00,60.00,,-6.00,-2.00,BWI,BGM,212.00,,,0.00,,0.00,,,,,
1988,1,7,4,2108,2052,2218,2152,PI,950,,70.00,60.00,,26.00,16.00,BWI,BGM,212.00,,,0.00,,0.00,,,,,
1988,1,8,5,,2052,,2152,PI,950,,,60.00,,,,BWI,BGM,212.00,,,1.00,,0.00,,,,,
1988,1,9,6,2111,2052,2204,2152,PI,950,,53.00,60.00,,12.00,19.00,BWI,BGM,212.00,,,0.00,,0.00,,,,,
1988,1,10,7,2102,2052,2208,2152,PI,950,,66.00,60.00,,16.00,10.00,BWI,BGM,212.00,,,0.00,,0.00,,,,,
1988,1,11,1,2055,2052,2203,2152,PI,950,,68.00,60.00,,11.00,3.00,BWI,BGM,212.00,,,0.00,,0.00,,,,,
1988,1,12,2,2105,2052,2200,2152,PI,950,,55.00,60.00,,8.00,13.00,BWI,BGM,212.00,,,0.00,,0.00,,,,,
1988,1,13,3,2106,2052,2156,2152,PI,950,,50.00,60.00,,4.00,14.00,BWI,BGM,212.00,,,0.00,,0.00,,,,,
1988,1,14,4,2050,2052,2151,2152,PI,950,,61.00,60.00,,-1.00,-2.00,BWI,BGM,212.00,,,0.00,,0.00,,,,,
1988,1,16,6,2112,2052,2205,2152,PI,950,,53.00,60.00,,13.00,20.00,BWI,BGM,212.00,,,0.00,,0.00,,,,,
1988,1,17,7,2102,2052,2208,2152,PI,950,,66.00,60.00,,16.00,10.00,BWI,BGM,212.00,,,0.00,,0.00,,,,,
1988,1,18,1,2059,2052,2201,2152,PI,950,,62.00,60.00,,9.00,7.00,BWI,BGM,212.00,,,0.00,,0.00,,,,,
1988,1,19,2,2056,2052,2154,2152,PI,950,,58.00,60.00,,2.00,4.00,BWI,BGM,212.00,,,0.00,,0.00,,,,,
1988,1,20,3,,2052,,2152,PI,950,,,60.00,,,,BWI,BGM,212.00,,,1.00,,0.00,,,,,
1988,1,21,4,2048,2052,2141,2152,PI,950,,53.00,60.00,,-11.00,-4.00,BWI,BGM,212.00,,,0.00,,0.00,,,,,
1988,1,22,5,2050,2052,2152,2152,PI,950,,62.00,60.00,,0.00,-2.00,BWI,BGM,212.00,,,0.00,,0.00,,,,,
1988,1,23,6,2052,2052,2200,2152,PI,950,,68.00,60.00,,8.00,0.00,BWI,BGM,212.00,,,0.00,,0.00,,,,,
1988,1,24,7,2051,2052,2159,2152,PI,950,,68.00,60.00,,7.00,-1.00,BWI,BGM,212.00,,,0.00,,0.00,,,,,
1988,1,25,1,,2052,,2152,PI,950,,,60.00,,,,BWI,BGM,212.00,,,1.00,,0.00,,,,,
1988,1,26,2,2049,2052,2200,2152,PI,950,,71.00,60.00,,8.00,-3.00,BWI,BGM,212.00,,,0.00,,0.00,,,,,
1988,1,27,3,2050,2052,2157,2152,PI,950,,67.00,60.00,,5.00,-2.00,BWI,BGM,212.00,,,0.00,,0.00,,,,,
1988,1,28,4,2103,2052,2210,2152,PI,950,,67.00,60.00,,18.00,11.00,BWI,BGM,212.00,,,0.00,,0.00,,,,,
1988,1,29,5,2058,2052,2209,2152,PI,950,,71.00,60.00,,17.00,6.00,BWI,BGM,212.00,,,0.00,,0.00,,,,,
1988,1,30,6,2052,2052,2158,2152,PI,950,,66.00,60.00,,6.00,0.00,BWI,BGM,212.00,,,0.00,,0.00,,,,,
1988,1,31,7,2049,2052,2156,2152,PI,950,,67.00,60.00,,4.00,-3.00,BWI,BGM,212.00,,,0.00,,0.00,,,,,
1988,1,1,5,1837,1840,1946,2002,PI,950,,69.00,82.00,,-16.00,-3.00,MYR,BWI,399.00,,,0.00,,0.00,,,,,
1988,1,2,6,1851,1840,2006,2002,PI,950,,75.00,82.00,,4.00,11.00,MYR,BWI,399.00,,,0.00,,0.00,,,,,
1988,1,3,7,1859,1840,2019,2002,PI,950,,80.00,82.00,,17.00,19.00,MYR,BWI,399.00,,,0.00,,0.00,,,,,
1988,1,4,1,1840,1840,1948,2002,PI,950,,68.00,82.00,,-14.00,0.00,MYR,BWI,399.00,,,0.00,,0.00,,,,,
1988,1,5,2,1839,1840,1953,2002,PI,950,,74.00,82.00,,-9.00,-1.00,MYR,BWI,399.00,,,0.00,,0.00,,,,,
1988,1,6,3,1840,1840,2001,2002,PI,950,,81.00,82.00,,-1.00,0.00,MYR,BWI,399.00,,,0.00,,0.00,,,,,
1988,1,7,4,,1840,,2002,PI,950,,,82.00,,,,MYR,BWI,399.00,,,1.00,,0.00,,,,,
1988,1,8,5,,1840,,2002,PI,950,,,82.00,,,,MYR,BWI,399.00,,,1.00,,0.00,,,,,
1988,1,9,6,1850,1840,1954,2002,PI,950,,64.00,82.00,,-8.00,10.00,MYR,BWI,399.00,,,0.00,,0.00,,,,,
1988,1,10,7,1839,1840,1954,2002,PI,950,,75.00,82.00,,-8.00,-1.00,MYR,BWI,399.00,,,0.00,,0.00,,,,,
1988,1,11,1,1840,1840,1953,2002,PI,950,,73.00,82.00,,-9.00,0.00,MYR,BWI,399.00,,,0.00,,0.00,,,,,
1988,1,12,2,1837,1840,1945,2002,PI,950,,68.00,82.00,,-17.00,-3.00,MYR,BWI,399.00,,,0.00,,0.00,,,,,
1988,1,13,3,1838,1840,1946,2002,PI,950,,68.00,82.00,,-16.00,-2.00,MYR,BWI,399.00,,,0.00,,0.00,,,,,
1988,1,14,4,1838,1840,1950,2002,PI,950,,72.00,82.00,,-12.00,-2.00,MYR,BWI,399.00,,,0.00,,0.00,,,,,
1988,1,15,5,1841,1840,2003,2002,PI,950,,82.00,82.00,,1.00,1.00,MYR,BWI,399.00,,,0.00,,0.00,,,,,
1988,1,16,6,1839,1840,1954,2002,PI,950,,75.00,82.00,,-8.00,-1.00,MYR,BWI,399.00,,,0.00,,0.00,,,,,
1988,1,17,7,1839,1840,1949,2002,PI,950,,70.00,82.00,,-13.00,-1.00,MYR,BWI,399.00,,,0.00,,0.00,,,,,
1988,1,18,1,1840,1840,2003,2002,PI,950,,83.00,82.00,,1.00,0.00,MYR,BWI,399.00,,,0.00,,0.00,,,,,
1988,1,19,2,1839,1840,1953,2002,PI,950,,74.00,82.00,,-9.00,-1.00,MYR,BWI,399.00,,,0.00,,0.00,,,,,
1988,1,20,3,1907,1840,2025,2002,PI,950,,78.00,82.00,,23.00,27.00,MYR,BWI,399.00,,,0.00,,0.00,,,,,
1988,1,21,4,1840,1840,1947,2002,PI,950,,67.00,82.00,,-15.00,0.00,MYR,BWI,399.00,,,0.00,,0.00,,,,,
1988,1,22,5,1837,1840,1950,2002,PI,950,,73.00,82.00,,-12.00,-3.00,MYR,BWI,399.00,,,0.00,,0.00,,,,,
1988,1,23,6,1838,1840,1947,2002,PI,950,,69.00,82.00,,-15.00,-2.00,MYR,BWI,399.00,,,0.00,,0.00,,,,,
1988,1,24,7,1839,1840,1950,2002,PI,950,,71.00,82.00,,-12.00,-1.00,MYR,BWI,399.00,,,0.00,,0.00,,,,,
1988,1,25,1,1851,1840,2000,2002,PI,950,,69.00,82.00,,-2.00,11.00,MYR,BWI,399.00,,,0.00,,0.00,,,,,
1988,1,26,2,1838,1840,1941,2002,PI,950,,63.00,82.00,,-21.00,-2.00,MYR,BWI,399.00,,,0.00,,0.00,,,,,
1988,1,27,3,1844,1840,2000,2002,PI,950,,76.00,82.00,,-2.00,4.00,MYR,BWI,399.00,,,0.00,,0.00,,,,,
1988,1,28,4,1839,1840,2006,2002,PI,950,,87.00,82.00,,4.00,-1.00,MYR,BWI,399.00,,,0.00,,0.00,,,,,
1988,1,29,5,1855,1840,2016,2002,PI,950,,81.00,82.00,,14.00,15.00,MYR,BWI,399.00,,,0.00,,0.00,,,,,
1988,1,30,6,1838,1840,1952,2002,PI,950,,74.00,82.00,,-10.00,-2.00,MYR,BWI,399.00,,,0.00,,0.00,,,,,
1988,1,31,7,1852,1840,2005,2002,PI,950,,73.00,82.00,,3.00,12.00,MYR,BWI,399.00,,,0.00,,0.00,,,,,
1988,1,2,6,2107,2059,2243,2229,PI,951,,96.00,90.00,,14.00,8.00,LGA,GSO,461.00,,,0.00,,0.00,,,,,
1988,1,3,7,2308,2059,0106,2229,PI,951,,118.00,90.00,,157.00,129.00,LGA,GSO,461.00,,,0.00,,0.00,,,,,
1988,1,4,1,2203,2059,2338,2229,PI,951,,95.00,90.00,,69.00,64.00,LGA,GSO,461.00,,,0.00,,0.00,,,,,
1988,1,5,2,2103,2059,2236,2229,PI,951,,93.00,90.00,,7.00,4.00,LGA,GSO,461.00,,,0.00,,0.00,,,,,
1988,1,6,3,2101,2059,2234,2229,PI,951,,93.00,90.00,,5.00,2.00,LGA,GSO,461.00,,,0.00,,0.00,,,,,
1988,1,7,4,,2059,,2229,PI,951,,,90.00,,,,LGA,GSO,461.00,,,1.00,,0.00,,,,,
1988,1,8,5,2206,2059,2346,2229,PI,951,,100.00,90.00,,77.00,67.00,LGA,GSO,461.00,,,0.00,,0.00,,,,,
1988,1,10,7,2107,2059,2251,2229,PI,951,,104.00,90.00,,22.00,8.00,LGA,GSO,461.00,,,0.00,,0.00,,,,,
1988,1,11,1,,2059,,2229,PI,951,,,90.00,,,,LGA,GSO,461.00,,,1.00,,0.00,,,,,
1988,1,12,2,2103,2059,2242,2229,PI,951,,99.00,90.00,,13.00,4.00,LGA,GSO,461.00,,,0.00,,0.00,,,,,
1988,1,13,3,2109,2059,2344,2229,PI,951,,155.00,90.00,,75.00,10.00,LGA,GSO,461.00,,,0.00,,0.00,,,,,
1988,1,14,4,2101,2059,2241,2229,PI,951,,100.00,90.00,,12.00,2.00,LGA,GSO,461.00,,,0.00,,0.00,,,,,
1988,1,15,5,2100,2059,2232,2229,PI,951,,92.00,90.00,,3.00,1.00,LGA,GSO,461.00,,,0.00,,0.00,,,,,
1988,1,17,7,2102,2059,2233,2229,PI,951,,91.00,90.00,,4.00,3.00,LGA,GSO,461.00,,,0.00,,0.00,,,,,
1988,1,18,1,2149,2059,2321,2229,PI,951,,92.00,90.00,,52.00,50.00,LGA,GSO,461.00,,,0.00,,0.00,,,,,
1988,1,19,2,2110,2059,2249,2229,PI,951,,99.00,90.00,,20.00,11.00,LGA,GSO,461.00,,,0.00,,0.00,,,,,
1988,1,20,3,,2059,,2229,PI,951,,,90.00,,,,LGA,GSO,461.00,,,1.00,,0.00,,,,,
1988,1,21,4,2102,2059,2247,2229,PI,951,,105.00,90.00,,18.00,3.00,LGA,GSO,461.00,,,0.00,,0.00,,,,,
1988,1,22,5,2109,2059,2254,2229,PI,951,,105.00,90.00,,25.00,10.00,LGA,GSO,461.00,,,0.00,,0.00,,,,,
1988,1,24,7,,2059,,2229,PI,951,,,90.00,,,,LGA,GSO,461.00,,,1.00,,0.00,,,,,
1988,1,25,1,2214,2059,2356,2229,PI,951,,102.00,90.00,,87.00,75.00,LGA,GSO,461.00,,,0.00,,0.00,,,,,
1988,1,26,2,2111,2059,2240,2229,PI,951,,89.00,90.00,,11.00,12.00,LGA,GSO,461.00,,,0.00,,0.00,,,,,
1988,1,27,3,2104,2059,2229,2229,PI,951,,85.00,90.00,,0.00,5.00,LGA,GSO,461.00,,,0.00,,0.00,,,,,
1988,1,28,4,2106,2059,2231,2229,PI,951,,85.00,90.00,,2.00,7.00,LGA,GSO,461.00,,,0.00,,0.00,,,,,
1988,1,29,5,2059,2059,2225,2229,PI,951,,86.00,90.00,,-4.00,0.00,LGA,GSO,461.00,,,0.00,,0.00,,,,,
1988,1,31,7,2059,2059,2235,2229,PI,951,,96.00,90.00,,6.00,0.00,LGA,GSO,461.00,,,0.00,,0.00,,,,,
1988,1,1,5,1707,1710,1833,1825,PI,953,,86.00,75.00,,8.00,-3.00,JFK,BUF,301.00,,,0.00,,0.00,,,,,
1988,1,2,6,1707,1710,1826,1825,PI,953,,79.00,75.00,,1.00,-3.00,JFK,BUF,301.00,,,0.00,,0.00,,,,,
1988,1,3,7,1709,1710,1830,1825,PI,953,,81.00,75.00,,5.00,-1.00,JFK,BUF,301.00,,,0.00,,0.00,,,,,
1988,1,4,1,1819,1710,2019,1825,PI,953,,120.00,75.00,,114.00,69.00,JFK,BUF,301.00,,,0.00,,0.00,,,,,
1988,1,5,2,1710,1710,1828,1825,PI,953,,78.00,75.00,,3.00,0.00,JFK,BUF,301.00,,,0.00,,0.00,,,,,
1988,1,6,3,1710,1710,1832,1825,PI,953,,82.00,75.00,,7.00,0.00,JFK,BUF,301.00,,,0.00,,0.00,,,,,
1988,1,7,4,1712,1710,1823,1825,PI,953,,71.00,75.00,,-2.00,2.00,JFK,BUF,301.00,,,0.00,,0.00,,,,,
1988,1,8,5,,1710,,1825,PI,953,,,75.00,,,,JFK,BUF,301.00,,,1.00,,0.00,,,,,
1988,1,9,6,1708,1710,1824,1825,PI,953,,76.00,75.00,,-1.00,-2.00,JFK,BUF,301.00,,,0.00,,0.00,,,,,
1988,1,10,7,1738,1710,1909,1825,PI,953,,91.00,75.00,,44.00,28.00,JFK,BUF,301.00,,,0.00,,0.00,,,,,
1988,1,11,1,1709,1710,1833,1825,PI,953,,84.00,75.00,,8.00,-1.00,JFK,BUF,301.00,,,0.00,,0.00,,,,,
1988,1,12,2,1714,1710,1837,1825,PI,953,,83.00,75.00,,12.00,4.00,JFK,BUF,301.00,,,0.00,,0.00,,,,,
1988,1,13,3,1708,1710,1826,1825,PI,953,,78.00,75.00,,1.00,-2.00,JFK,BUF,301.00,,,0.00,,0.00,,,,,
1988,1,14,4,1723,1710,1840,1825,PI,953,,77.00,75.00,,15.00,13.00,JFK,BUF,301.00,,,0.00,,0.00,,,,,
1988,1,15,5,1716,1710,1835,1825,PI,953,,79.00,75.00,,10.00,6.00,JFK,BUF,301.00,,,0.00,,0.00,,,,,
1988,1,16,6,1708,1710,1821,1825,PI,953,,73.00,75.00,,-4.00,-2.00,JFK,BUF,301.00,,,0.00,,0.00,,,,,
1988,1,17,7,1709,1710,1826,1825,PI,953,,77.00,75.00,,1.00,-1.00,JFK,BUF,301.00,,,0.00,,0.00,,,,,
1988,1,18,1,1712,1710,1838,1825,PI,953,,86.00,75.00,,13.00,2.00,JFK,BUF,301.00,,,0.00,,0.00,,,,,
1988,1,19,2,1715,1710,1824,1825,PI,953,,69.00,75.00,,-1.00,5.00,JFK,BUF,301.00,,,0.00,,0.00,,,,,
1988,1,20,3,1711,1710,1835,1825,PI,953,,84.00,75.00,,10.00,1.00,JFK,BUF,301.00,,,0.00,,0.00,,,,,
1988,1,21,4,1713,1710,1834,1825,PI,953,,81.00,75.00,,9.00,3.00,JFK,BUF,301.00,,,0.00,,0.00,,,,,
1988,1,22,5,1709,1710,1837,1825,PI,953,,88.00,75.00,,12.00,-1.00,JFK,BUF,301.00,,,0.00,,0.00,,,,,
1988,1,23,6,1708,1710,1823,1825,PI,953,,75.00,75.00,,-2.00,-2.00,JFK,BUF,301.00,,,0.00,,0.00,,,,,
1988,1,24,7,1709,1710,1824,1825,PI,953,,75.00,75.00,,-1.00,-1.00,JFK,BUF,301.00,,,0.00,,0.00,,,,,
1988,1,25,1,1752,1710,1918,1825,PI,953,,86.00,75.00,,53.00,42.00,JFK,BUF,301.00,,,0.00,,0.00,,,,,
1988,1,26,2,1713,1710,1832,1825,PI,953,,79.00,75.00,,7.00,3.00,JFK,BUF,301.00,,,0.00,,0.00,,,,,
1988,1,27,3,1709,1710,1827,1825,PI,953,,78.00,75.00,,2.00,-1.00,JFK,BUF,301.00,,,0.00,,0.00,,,,,
1988,1,28,4,1708,1710,1823,1825,PI,953,,75.00,75.00,,-2.00,-2.00,JFK,BUF,301.00,,,0.00,,0.00,,,,,
1988,1,29,5,1709,1710,1819,1825,PI,953,,70.00,75.00,,-6.00,-1.00,JFK,BUF,301.00,,,0.00,,0.00,,,,,
1988,1,30,6,1707,1710,1824,1825,PI,953,,77.00,75.00,,-1.00,-3.00,JFK,BUF,301.00,,,0.00,,0.00,,,,,
1988,1,31,7,1707,1710,1813,1825,PI,953,,66.00,75.00,,-12.00,-3.00,JFK,BUF,301.00,,,0.00,,0.00,,,,,
1988,1,6,3,2108,2055,2206,2155,PI,954,,58.00,60.00,,11.00,13.00,BWI,JFK,184.00,,,0.00,,0.00,,,,,
1988,1,7,4,2119,2055,2244,2155,PI,954,,85.00,60.00,,49.00,24.00,BWI,JFK,184.00,,,0.00,,0.00,,,,,
1988,1,8,5,,2055,,2155,PI,954,,,60.00,,,,BWI,JFK,184.00,,,1.00,,0.00,,,,,
1988,1,9,6,2051,2055,2140,2155,PI,954,,49.00,60.00,,-15.00,-4.00,BWI,JFK,184.00,,,0.00,,0.00,,,,,
1988,1,10,7,2057,2055,2158,2155,PI,954,,61.00,60.00,,3.00,2.00,BWI,JFK,184.00,,,0.00,,0.00,,,,,
1988,1,11,1,2054,2055,2158,2155,PI,954,,64.00,60.00,,3.00,-1.00,BWI,JFK,184.00,,,0.00,,0.00,,,,,
1988,1,12,2,2057,2055,2159,2155,PI,954,,62.00,60.00,,4.00,2.00,BWI,JFK,184.00,,,0.00,,0.00,,,,,
1988,1,13,3,2154,2055,2246,2155,PI,954,,52.00,60.00,,51.00,59.00,BWI,JFK,184.00,,,0.00,,0.00,,,,,
1988,1,14,4,2057,2055,2201,2155,PI,954,,64.00,60.00,,6.00,2.00,BWI,JFK,184.00,,,0.00,,0.00,,,,,
1988,1,15,5,2056,2055,2148,2155,PI,954,,52.00,60.00,,-7.00,1.00,BWI,JFK,184.00,,,0.00,,0.00,,,,,
1988,1,16,6,2056,2055,2148,2155,PI,954,,52.00,60.00,,-7.00,1.00,BWI,JFK,184.00,,,0.00,,0.00,,,,,
1988,1,17,7,2054,2055,2210,2155,PI,954,,76.00,60.00,,15.00,-1.00,BWI,JFK,184.00,,,0.00,,0.00,,,,,
1988,1,18,1,2213,2055,2305,2155,PI,954,,52.00,60.00,,70.00,78.00,BWI,JFK,184.00,,,0.00,,0.00,,,,,
1988,1,19,2,2055,2055,2207,2155,PI,954,,72.00,60.00,,12.00,0.00,BWI,JFK,184.00,,,0.00,,0.00,,,,,
1988,1,20,3,2119,2055,2210,2155,PI,954,,51.00,60.00,,15.00,24.00,BWI,JFK,184.00,,,0.00,,0.00,,,,,
1988,1,21,4,2052,2055,2156,2155,PI,954,,64.00,60.00,,1.00,-3.00,BWI,JFK,184.00,,,0.00,,0.00,,,,,
1988,1,22,5,2055,2055,2159,2155,PI,954,,64.00,60.00,,4.00,0.00,BWI,JFK,184.00,,,0.00,,0.00,,,,,
1988,1,23,6,2054,2055,2156,2155,PI,954,,62.00,60.00,,1.00,-1.00,BWI,JFK,184.00,,,0.00,,0.00,,,,,
1988,1,24,7,2058,2055,2215,2155,PI,954,,77.00,60.00,,20.00,3.00,BWI,JFK,184.00,,,0.00,,0.00,,,,,
1988,1,26,2,2052,2055,2200,2155,PI,954,,68.00,60.00,,5.00,-3.00,BWI,JFK,184.00,,,0.00,,0.00,,,,,
1988,1,27,3,2053,2055,2208,2155,PI,954,,75.00,60.00,,13.00,-2.00,BWI,JFK,184.00,,,0.00,,0.00,,,,,
1988,1,28,4,2101,2055,2207,2155,PI,954,,66.00,60.00,,12.00,6.00,BWI,JFK,184.00,,,0.00,,0.00,,,,,
1988,1,29,5,2056,2055,2210,2155,PI,954,,74.00,60.00,,15.00,1.00,BWI,JFK,184.00,,,0.00,,0.00,,,,,
1988,1,30,6,2058,2055,2157,2155,PI,954,,59.00,60.00,,2.00,3.00,BWI,JFK,184.00,,,0.00,,0.00,,,,,
1988,1,31,7,2057,2055,2209,2155,PI,954,,72.00,60.00,,14.00,2.00,BWI,JFK,184.00,,,0.00,,0.00,,,,,
1988,1,6,3,1850,1850,2007,1955,PI,954,,77.00,65.00,,12.00,0.00,GSO,BWI,278.00,,,0.00,,0.00,,,,,
1988,1,7,4,1921,1850,2028,1955,PI,954,,67.00,65.00,,33.00,31.00,GSO,BWI,278.00,,,0.00,,0.00,,,,,
1988,1,8,5,,1850,,1955,PI,954,,,65.00,,,,GSO,BWI,278.00,,,1.00,,0.00,,,,,
1988,1,9,6,1850,1850,1951,1955,PI,954,,61.00,65.00,,-4.00,0.00,GSO,BWI,278.00,,,0.00,,0.00,,,,,
1988,1,10,7,1850,1850,1951,1955,PI,954,,61.00,65.00,,-4.00,0.00,GSO,BWI,278.00,,,0.00,,0.00,,,,,
1988,1,11,1,1851,1850,1953,1955,PI,954,,62.00,65.00,,-2.00,1.00,GSO,BWI,278.00,,,0.00,,0.00,,,,,
1988,1,12,2,1849,1850,1945,1955,PI,954,,56.00,65.00,,-10.00,-1.00,GSO,BWI,278.00,,,0.00,,0.00,,,,,
1988,1,13,3,1853,1850,1954,1955,PI,954,,61.00,65.00,,-1.00,3.00,GSO,BWI,278.00,,,0.00,,0.00,,,,,
1988,1,14,4,1854,1850,2001,1955,PI,954,,67.00,65.00,,6.00,4.00,GSO,BWI,278.00,,,0.00,,0.00,,,,,
1988,1,15,5,1904,1850,2008,1955,PI,954,,64.00,65.00,,13.00,14.00,GSO,BWI,278.00,,,0.00,,0.00,,,,,
1988,1,16,6,1847,1850,2000,1955,PI,954,,73.00,65.00,,5.00,-3.00,GSO,BWI,278.00,,,0.00,,0.00,,,,,
1988,1,17,7,1847,1850,2006,1955,PI,954,,79.00,65.00,,11.00,-3.00,GSO,BWI,278.00,,,0.00,,0.00,,,,,
1988,1,18,1,2035,1850,2135,1955,PI,954,,60.00,65.00,,100.00,105.00,GSO,BWI,278.00,,,0.00,,0.00,,,,,
1988,1,19,2,1850,1850,2002,1955,PI,954,,72.00,65.00,,7.00,0.00,GSO,BWI,278.00,,,0.00,,0.00,,,,,
1988,1,20,3,1910,1850,2012,1955,PI,954,,62.00,65.00,,17.00,20.00,GSO,BWI,278.00,,,0.00,,0.00,,,,,
1988,1,21,4,1847,1850,1950,1955,PI,954,,63.00,65.00,,-5.00,-3.00,GSO,BWI,278.00,,,0.00,,0.00,,,,,
1988,1,22,5,1852,1850,1959,1955,PI,954,,67.00,65.00,,4.00,2.00,GSO,BWI,278.00,,,0.00,,0.00,,,,,
1988,1,23,6,1846,1850,1942,1955,PI,954,,56.00,65.00,,-13.00,-4.00,GSO,BWI,278.00,,,0.00,,0.00,,,,,
1988,1,24,7,1854,1850,2001,1955,PI,954,,67.00,65.00,,6.00,4.00,GSO,BWI,278.00,,,0.00,,0.00,,,,,
1988,1,26,2,1848,1850,1944,1955,PI,954,,56.00,65.00,,-11.00,-2.00,GSO,BWI,278.00,,,0.00,,0.00,,,,,
1988,1,27,3,1852,1850,1949,1955,PI,954,,57.00,65.00,,-6.00,2.00,GSO,BWI,278.00,,,0.00,,0.00,,,,,
1988,1,28,4,1848,1850,1959,1955,PI,954,,71.00,65.00,,4.00,-2.00,GSO,BWI,278.00,,,0.00,,0.00,,,,,
1988,1,29,5,1847,1850,1944,1955,PI,954,,57.00,65.00,,-11.00,-3.00,GSO,BWI,278.00,,,0.00,,0.00,,,,,
1988,1,30,6,1849,1850,2009,1955,PI,954,,80.00,65.00,,14.00,-1.00,GSO,BWI,278.00,,,0.00,,0.00,,,,,
1988,1,31,7,1849,1850,2010,1955,PI,954,,81.00,65.00,,15.00,-1.00,GSO,BWI,278.00,,,0.00,,0.00,,,,,
1988,1,2,6,1858,1855,1959,1950,PI,955,,61.00,55.00,,9.00,3.00,ISP,SYR,222.00,,,0.00,,0.00,,,,,
1988,1,3,7,1918,1855,2007,1950,PI,955,,49.00,55.00,,17.00,23.00,ISP,SYR,222.00,,,0.00,,0.00,,,,,
1988,1,4,1,1859,1855,1957,1950,PI,955,,58.00,55.00,,7.00,4.00,ISP,SYR,222.00,,,0.00,,0.00,,,,,
1988,1,5,2,1854,1855,1946,1950,PI,955,,52.00,55.00,,-4.00,-1.00,ISP,SYR,222.00,,,0.00,,0.00,,,,,
1988,1,6,3,1855,1855,1950,1950,PI,955,,55.00,55.00,,0.00,0.00,ISP,SYR,222.00,,,0.00,,0.00,,,,,
1988,1,7,4,1859,1855,1951,1950,PI,955,,52.00,55.00,,1.00,4.00,ISP,SYR,222.00,,,0.00,,0.00,,,,,
1988,1,8,5,1901,1855,1959,1950,PI,955,,58.00,55.00,,9.00,6.00,ISP,SYR,222.00,,,0.00,,0.00,,,,,
1988,1,10,7,1855,1855,1943,1950,PI,955,,48.00,55.00,,-7.00,0.00,ISP,SYR,222.00,,,0.00,,0.00,,,,,
1988,1,11,1,1850,1855,1940,1950,PI,955,,50.00,55.00,,-10.00,-5.00,ISP,SYR,222.00,,,0.00,,0.00,,,,,
1988,1,12,2,1855,1855,2003,1950,PI,955,,68.00,55.00,,13.00,0.00,ISP,SYR,222.00,,,0.00,,0.00,,,,,
1988,1,13,3,1853,1855,1942,1950,PI,955,,49.00,55.00,,-8.00,-2.00,ISP,SYR,222.00,,,0.00,,0.00,,,,,
1988,1,14,4,1855,1855,1948,1950,PI,955,,53.00,55.00,,-2.00,0.00,ISP,SYR,222.00,,,0.00,,0.00,,,,,
1988,1,15,5,1855,1855,1948,1950,PI,955,,53.00,55.00,,-2.00,0.00,ISP,SYR,222.00,,,0.00,,0.00,,,,,
1988,1,17,7,1855,1855,1947,1950,PI,955,,52.00,55.00,,-3.00,0.00,ISP,SYR,222.00,,,0.00,,0.00,,,,,
1988,1,18,1,,1855,,1950,PI,955,,,55.00,,,,ISP,SYR,222.00,,,1.00,,0.00,,,,,
1988,1,19,2,1856,1855,1951,1950,PI,955,,55.00,55.00,,1.00,1.00,ISP,SYR,222.00,,,0.00,,0.00,,,,,
1988,1,20,3,,1855,,1950,PI,955,,,55.00,,,,ISP,SYR,222.00,,,1.00,,0.00,,,,,
1988,1,21,4,1855,1855,1951,1950,PI,955,,56.00,55.00,,1.00,0.00,ISP,SYR,222.00,,,0.00,,0.00,,,,,
1988,1,22,5,1856,1855,1946,1950,PI,955,,50.00,55.00,,-4.00,1.00,ISP,SYR,222.00,,,0.00,,0.00,,,,,
1988,1,24,7,1854,1855,1946,1950,PI,955,,52.00,55.00,,-4.00,-1.00,ISP,SYR,222.00,,,0.00,,0.00,,,,,
1988,1,25,1,1905,1855,1957,1950,PI,955,,52.00,55.00,,7.00,10.00,ISP,SYR,222.00,,,0.00,,0.00,,,,,
1988,1,26,2,1901,1855,2004,1950,PI,955,,63.00,55.00,,14.00,6.00,ISP,SYR,222.00,,,0.00,,0.00,,,,,
1988,1,27,3,1900,1855,1954,1950,PI,955,,54.00,55.00,,4.00,5.00,ISP,SYR,222.00,,,0.00,,0.00,,,,,
1988,1,28,4,1852,1855,1950,1950,PI,955,,58.00,55.00,,0.00,-3.00,ISP,SYR,222.00,,,0.00,,0.00,,,,,
1988,1,29,5,1855,1855,1948,1950,PI,955,,53.00,55.00,,-2.00,0.00,ISP,SYR,222.00,,,0.00,,0.00,,,,,
1988,1,31,7,1855,1855,1948,1950,PI,955,,53.00,55.00,,-2.00,0.00,ISP,SYR,222.00,,,0.00,,0.00,,,,,
1988,1,6,3,2037,2026,2152,2126,PI,955,,75.00,60.00,,26.00,11.00,SYR,BOS,264.00,,,0.00,,0.00,,,,,
1988,1,7,4,2030,2026,2126,2126,PI,955,,56.00,60.00,,0.00,4.00,SYR,BOS,264.00,,,0.00,,0.00,,,,,
1988,1,8,5,,2026,,2126,PI,955,,,60.00,,,,SYR,BOS,264.00,,,1.00,,0.00,,,,,
1988,1,10,7,2033,2026,2136,2126,PI,955,,63.00,60.00,,10.00,7.00,SYR,BOS,264.00,,,0.00,,0.00,,,,,
1988,1,11,1,2026,2026,2123,2126,PI,955,,57.00,60.00,,-3.00,0.00,SYR,BOS,264.00,,,0.00,,0.00,,,,,
1988,1,12,2,2035,2026,2135,2126,PI,955,,60.00,60.00,,9.00,9.00,SYR,BOS,264.00,,,0.00,,0.00,,,,,
1988,1,13,3,2046,2026,2142,2126,PI,955,,56.00,60.00,,16.00,20.00,SYR,BOS,264.00,,,0.00,,0.00,,,,,
1988,1,14,4,2034,2026,2132,2126,PI,955,,58.00,60.00,,6.00,8.00,SYR,BOS,264.00,,,0.00,,0.00,,,,,
1988,1,15,5,2025,2026,2121,2126,PI,955,,56.00,60.00,,-5.00,-1.00,SYR,BOS,264.00,,,0.00,,0.00,,,,,
